ref_year,unu_key,flow_desc,qty
2000,0001,Export,2130
2000,0101,Export,58867
2000,0101,Import,138616
2000,0102,Export,75569
2000,0102,Import,988787
2000,0103,Export,380556
2000,0103,Import,3801756
2000,0104,Export,159520
2000,0104,Import,1823037
2000,0105,Export,270681
2000,0105,Import,310703
2000,0106,Export,1012642
2000,0106,Import,2754851
2000,0108,Export,384505
2000,0108,Import,2231853
2000,0109,Export,101818
2000,0109,Import,809083
2000,0111,Export,76718
2000,0111,Import,95216
2000,0112,Import,23778
2000,0113,Export,272129
2000,0113,Import,278970
2000,0114,Export,3654457
2000,0114,Import,2557388
2000,0201,Export,9720417
2000,0201,Import,77497524
2000,0202,Export,11834810
2000,0202,Import,20991549
2000,0203,Export,770575
2000,0203,Import,3252335
2000,0204,Export,3442066
2000,0204,Import,4576080
2000,0205,Export,1417548
2000,0205,Import,19296078
2000,0301,Export,695259004
2000,0301,Import,151279403
2000,0302,Export,7716082
2000,0302,Import,6930291
2000,0303,Export,1531446
2000,0303,Import,4482427
2000,0304,Export,517735
2000,0304,Import,1037941
2000,0305,Export,6869439
2000,0305,Import,11669409
2000,0306,Export,378551348
2000,0306,Import,43503500
2000,0307,Export,616253
2000,0307,Import,2036788
2000,0308,Export,154912
2000,0308,Import,1648337
2000,0309,Export,52342
2000,0309,Import,197898
2000,0401,Export,20839718
2000,0401,Import,19399785
2000,0402,Export,1282794
2000,0402,Import,26151451
2000,0403,Export,3620900
2000,0403,Import,21442003
2000,0404,Export,2446288
2000,0404,Import,5727321
2000,0405,Export,6857783
2000,0405,Import,19752590
2000,0406,Export,363810
2000,0406,Import,3149387
2000,0407,Export,10724
2000,0407,Import,204211
2000,0408,Export,6650233
2000,0408,Import,9441128
2000,0501,Export,21744727
2000,0501,Import,23888968
2000,0502,Export,55557343
2000,0502,Import,121318226
2000,0503,Export,2858117
2000,0503,Import,2360023
2000,0504,Export,4670604
2000,0504,Import,19945567
2000,0506,Export,2695457
2000,0601,Export,12675109
2000,0601,Import,124911378
2000,0602,Export,3481397
2000,0602,Import,86577178
2000,0701,Import,73655823
2000,0801,Export,325079
2000,0801,Import,617245
2000,0802,Export,718
2000,0802,Import,12878
2000,0901,Export,17228974017
2000,0901,Import,679503038
2000,0902,Export,4982195
2000,0902,Import,984384
2000,1001,Export,37729
2000,1001,Import,680061
2000,1002,Export,84803171
2000,1002,Import,57039
2000,NA,Export,37163652
2000,NA,Import,73027011
2001,0001,Import,204844
2001,0101,Export,50217
2001,0101,Import,155546
2001,0102,Export,106005
2001,0102,Import,1283016
2001,0103,Export,389358
2001,0103,Import,13696422
2001,0104,Export,128236
2001,0104,Import,1976102
2001,0105,Export,251252
2001,0105,Import,365230
2001,0106,Export,930552
2001,0106,Import,3675798
2001,0108,Export,714861
2001,0108,Import,2849478
2001,0109,Export,111828
2001,0109,Import,901825
2001,0111,Export,363187
2001,0111,Import,518852
2001,0112,Export,34174
2001,0113,Export,261613
2001,0113,Import,434805
2001,0114,Export,3111383
2001,0114,Import,2759243
2001,0201,Export,6386705
2001,0201,Import,74819416
2001,0202,Export,1713378
2001,0202,Import,22075509
2001,0203,Export,1113315
2001,0203,Import,88299285
2001,0204,Export,512347769
2001,0204,Import,5860373
2001,0205,Export,3014370
2001,0205,Import,21798095
2001,0301,Export,107501084
2001,0301,Import,167974928
2001,0302,Export,354025695
2001,0302,Import,5492270
2001,0303,Export,3093077
2001,0303,Import,3492118
2001,0304,Export,192184
2001,0304,Import,1179347
2001,0305,Export,32368241
2001,0305,Import,17911751
2001,0306,Export,46652491
2001,0306,Import,37153584
2001,0307,Export,383875
2001,0307,Import,1670892
2001,0308,Export,67254
2001,0308,Import,293391
2001,0309,Export,74433
2001,0309,Import,211966
2001,0401,Export,312657
2001,0401,Import,17854539
2001,0402,Export,1583130
2001,0402,Import,24414695
2001,0403,Export,9995648
2001,0403,Import,28324319
2001,0404,Export,2439821
2001,0404,Import,9206839
2001,0405,Export,8170256
2001,0405,Import,12079175
2001,0406,Export,976546
2001,0406,Import,180219492
2001,0407,Export,3278
2001,0407,Import,359937
2001,0408,Export,31822041
2001,0408,Import,10390108
2001,0501,Export,14978948
2001,0501,Import,19080292
2001,0502,Export,26100556
2001,0502,Import,86355297
2001,0503,Export,84461447
2001,0503,Import,2060613
2001,0504,Export,1979443
2001,0504,Import,23447894
2001,0506,Export,4716653
2001,0601,Export,19013019
2001,0601,Import,42960634
2001,0602,Export,2219668
2001,0602,Import,7376368
2001,0701,Import,50902367
2001,0801,Export,249369
2001,0801,Import,2545230
2001,0802,Export,264
2001,0802,Import,295534
2001,0901,Export,15666706939
2001,0901,Import,156465813
2001,0902,Export,456430
2001,0902,Import,1730936
2001,1001,Export,22387
2001,1001,Import,1467456
2001,1002,Export,29506
2001,1002,Import,53930
2001,NA,Export,6741869
2001,NA,Import,84311424
2002,0001,Export,5749
2002,0101,Export,50576
2002,0101,Import,72368
2002,0102,Export,122877
2002,0102,Import,1260953
2002,0103,Export,572581
2002,0103,Import,9989368
2002,0104,Export,137293
2002,0104,Import,1976384
2002,0105,Export,301125
2002,0105,Import,392313
2002,0106,Export,1002808
2002,0106,Import,4861137
2002,0108,Export,483788
2002,0108,Import,10618131
2002,0109,Export,104161
2002,0109,Import,865627
2002,0111,Export,464292
2002,0111,Import,458128
2002,0112,Export,41527
2002,0112,Import,29054
2002,0113,Export,183771
2002,0113,Import,444148
2002,0114,Export,4000085
2002,0114,Import,3728478
2002,0201,Export,5911468
2002,0201,Import,94730467
2002,0202,Export,1856674
2002,0202,Import,29269648
2002,0203,Export,694928
2002,0203,Import,6196871
2002,0204,Export,788216
2002,0204,Import,7831160
2002,0205,Export,2847721
2002,0205,Import,21321055
2002,0301,Export,198872399
2002,0301,Import,97138804
2002,0302,Export,5977058
2002,0302,Import,4687081
2002,0303,Export,1400310
2002,0303,Import,3416287
2002,0304,Export,691210
2002,0304,Import,1393557
2002,0305,Export,4115152
2002,0305,Import,12401301
2002,0306,Export,139061938
2002,0306,Import,30395937
2002,0307,Export,295606
2002,0307,Import,1883493
2002,0308,Export,82640
2002,0308,Import,210236
2002,0309,Export,3562001
2002,0309,Import,291613
2002,0401,Export,34372065
2002,0401,Import,24129497
2002,0402,Export,1146301
2002,0402,Import,29791620
2002,0403,Export,4600783
2002,0403,Import,20692813
2002,0404,Export,4630168
2002,0404,Import,12468207
2002,0405,Export,6060247
2002,0405,Import,11367373
2002,0406,Export,88627393
2002,0406,Import,8481972
2002,0407,Export,16442
2002,0407,Import,867286
2002,0408,Export,5484547
2002,0408,Import,16891168
2002,0501,Export,13593937
2002,0501,Import,22953484
2002,0502,Export,32562692
2002,0502,Import,102954269
2002,0503,Export,414910
2002,0503,Import,3605771
2002,0504,Export,2333205
2002,0504,Import,19952164
2002,0506,Export,3980146
2002,0601,Export,7828596
2002,0601,Import,44111889
2002,0602,Export,1655210
2002,0602,Import,3403808
2002,0701,Export,7680899
2002,0701,Import,66176225
2002,0801,Export,212028
2002,0801,Import,1233777
2002,0802,Export,69392
2002,0802,Import,155174
2002,0901,Export,234411674
2002,0901,Import,131631440
2002,0902,Export,427860
2002,0902,Import,3331220
2002,1001,Export,63636
2002,1001,Import,289673
2002,1002,Export,109687
2002,1002,Import,58764
2002,NA,Export,8522872
2002,NA,Import,66268434
2003,0001,Export,6184
2003,0101,Export,54912
2003,0101,Import,83838
2003,0102,Export,139001
2003,0102,Import,1032619
2003,0103,Export,603745
2003,0103,Import,10443416
2003,0104,Export,200782
2003,0104,Import,1832446
2003,0105,Export,396319
2003,0105,Import,378511
2003,0106,Export,938442
2003,0106,Import,6686808
2003,0108,Export,1646012
2003,0108,Import,4051868
2003,0109,Export,125837
2003,0109,Import,785409
2003,0111,Export,467011
2003,0111,Import,414347
2003,0112,Export,100667
2003,0113,Export,371740
2003,0113,Import,569017
2003,0114,Export,3353895
2003,0114,Import,5082938
2003,0201,Export,8783811
2003,0201,Import,86712541
2003,0202,Export,2432829
2003,0202,Import,36577926
2003,0203,Export,172036144
2003,0203,Import,6538356
2003,0204,Export,754544
2003,0204,Import,9654068
2003,0205,Export,3229952
2003,0205,Import,25248113
2003,0301,Export,20565326
2003,0301,Import,55550216
2003,0302,Export,2992294
2003,0302,Import,4884783
2003,0303,Export,982887
2003,0303,Import,3432001
2003,0304,Export,332009
2003,0304,Import,915375
2003,0305,Export,8064527
2003,0305,Import,19618492
2003,0306,Export,35887593
2003,0306,Import,35683059
2003,0307,Export,813266
2003,0307,Import,2068605
2003,0308,Export,46053
2003,0308,Import,151774
2003,0309,Export,1688670
2003,0309,Import,701713
2003,0401,Export,26676693
2003,0401,Import,18320756
2003,0402,Export,1575168
2003,0402,Import,29483645
2003,0403,Export,2626667
2003,0403,Import,21400993
2003,0404,Export,12190529
2003,0404,Import,16427507
2003,0405,Export,8035164
2003,0405,Import,13295961
2003,0406,Export,928374
2003,0406,Import,11002824
2003,0407,Export,37611
2003,0407,Import,635630
2003,0408,Export,3513583
2003,0408,Import,15224936
2003,0501,Export,19163703
2003,0501,Import,23417036
2003,0502,Export,125289773
2003,0502,Import,109782328
2003,0503,Export,406483
2003,0503,Import,4297246
2003,0504,Export,4729835
2003,0504,Import,23004626
2003,0506,Export,5340168
2003,0601,Export,98733073
2003,0601,Import,33995485
2003,0602,Export,2585291
2003,0602,Import,3792284
2003,0701,Export,26083382
2003,0801,Export,145049
2003,0801,Import,1097118
2003,0802,Export,1567
2003,0802,Import,267171
2003,0901,Export,334135437
2003,0901,Import,133590646
2003,0902,Export,779175
2003,0902,Import,5004405
2003,1001,Export,66533
2003,1001,Import,614738
2003,1002,Export,138193
2003,1002,Import,56894
2003,NA,Export,8059099
2003,NA,Import,85135307
2004,0001,Export,6046
2004,0101,Export,67243
2004,0101,Import,161555
2004,0102,Export,957747
2004,0102,Import,984296
2004,0103,Export,549088
2004,0103,Import,9925156
2004,0104,Export,217360
2004,0104,Import,1596682
2004,0105,Export,396072
2004,0105,Import,420031
2004,0106,Export,868937
2004,0106,Import,7845446
2004,0108,Export,365692
2004,0108,Import,4431891
2004,0109,Export,177862
2004,0109,Import,946267
2004,0111,Export,291931
2004,0111,Import,508337
2004,0112,Export,54693
2004,0113,Export,175421
2004,0113,Import,589383
2004,0114,Export,1525222
2004,0114,Import,4505237
2004,0201,Export,8265043
2004,0201,Import,81094547
2004,0202,Export,2563306
2004,0202,Import,32363037
2004,0203,Export,85657141
2004,0203,Import,6951064
2004,0204,Export,707590
2004,0204,Import,11902005
2004,0205,Export,5110115
2004,0205,Import,27891214
2004,0301,Export,13947775
2004,0301,Import,50196529
2004,0302,Export,2996270
2004,0302,Import,6945982
2004,0303,Export,665432
2004,0303,Import,3851452
2004,0304,Export,263866
2004,0304,Import,912868
2004,0305,Export,23898868
2004,0305,Import,14289665
2004,0306,Export,187464156
2004,0306,Import,42965958
2004,0307,Export,866488
2004,0307,Import,2091120
2004,0308,Export,136087
2004,0308,Import,78312
2004,0309,Export,824673
2004,0309,Import,957129
2004,0401,Export,8207231
2004,0401,Import,18354453
2004,0402,Export,2291136
2004,0402,Import,31478422
2004,0403,Export,89255343
2004,0403,Import,21547529
2004,0404,Export,3059575
2004,0404,Import,20960757
2004,0405,Export,7262591
2004,0405,Import,12700699
2004,0406,Export,1058118
2004,0406,Import,14499220
2004,0407,Export,9375
2004,0407,Import,514142
2004,0408,Export,5312891
2004,0408,Import,15484668
2004,0501,Export,10488691
2004,0502,Export,37902427
2004,0502,Import,102928193
2004,0503,Export,461361
2004,0503,Import,4788692
2004,0504,Export,3989044
2004,0504,Import,26994951
2004,0506,Export,2311733
2004,0601,Export,911566455
2004,0601,Import,53867900
2004,0602,Export,3257178
2004,0602,Import,3785673
2004,0701,Export,18682266
2004,0701,Import,49383278
2004,0801,Export,173362
2004,0801,Import,588242
2004,0802,Export,506
2004,0802,Import,51385
2004,0901,Export,93137294
2004,0901,Import,183335347
2004,0902,Export,5540292
2004,0902,Import,5143141
2004,1001,Export,96203
2004,1001,Import,595706
2004,1002,Export,68684
2004,1002,Import,29803
2004,NA,Export,13913466
2004,NA,Import,102595988
2005,0001,Export,6471
2005,0101,Export,85227
2005,0101,Import,207241
2005,0102,Export,158126
2005,0102,Import,1446382
2005,0103,Export,512950
2005,0103,Import,9013397
2005,0104,Export,1121767
2005,0104,Import,1871788
2005,0105,Export,425878
2005,0105,Import,521794
2005,0106,Export,1276635
2005,0106,Import,8314483
2005,0108,Export,1539542
2005,0108,Import,3774663
2005,0109,Export,133424
2005,0109,Import,1232489
2005,0111,Export,247371
2005,0111,Import,510032
2005,0112,Export,46582
2005,0113,Export,112604
2005,0113,Import,1191386
2005,0114,Export,861336
2005,0114,Import,4236695
2005,0201,Export,10909401
2005,0201,Import,86847334
2005,0202,Export,2607254
2005,0202,Import,33545393
2005,0203,Export,1041941
2005,0203,Import,7283256
2005,0204,Export,641750
2005,0204,Import,10946246
2005,0205,Export,3545266
2005,0205,Import,39457728
2005,0301,Export,93924242
2005,0301,Import,47745885
2005,0302,Export,11265382
2005,0302,Import,21695371
2005,0303,Export,1060518
2005,0303,Import,7061850
2005,0304,Export,287761
2005,0304,Import,876379
2005,0305,Export,25833091
2005,0305,Import,12798445
2005,0306,Export,49906884
2005,0306,Import,54433007
2005,0307,Export,591969
2005,0307,Import,3571008
2005,0308,Export,26644
2005,0308,Import,169602
2005,0309,Export,1093178
2005,0309,Import,4472559
2005,0401,Export,7538727
2005,0401,Import,20780204
2005,0402,Export,2334861
2005,0402,Import,26867759
2005,0403,Export,4581121
2005,0403,Import,26906456
2005,0404,Export,3064035
2005,0404,Import,18466437
2005,0405,Export,5761648
2005,0405,Import,12524146
2005,0406,Export,2210001
2005,0406,Import,70831767
2005,0407,Export,7215
2005,0407,Import,551782
2005,0408,Export,4179963
2005,0408,Import,20340672
2005,0501,Export,10288494
2005,0502,Export,19131129
2005,0502,Import,102768335
2005,0503,Export,459370
2005,0503,Import,3429712
2005,0504,Export,6324334
2005,0504,Import,24453733
2005,0506,Export,2242807
2005,0601,Export,7747798
2005,0601,Import,46838750
2005,0602,Export,2465155
2005,0602,Import,4126231
2005,0701,Export,23498550
2005,0701,Import,115926075
2005,0801,Export,187585
2005,0801,Import,876311
2005,0802,Export,756
2005,0802,Import,45765
2005,0901,Export,157261249
2005,0901,Import,136409246
2005,0902,Export,1050031
2005,0902,Import,3588651
2005,1001,Export,254464879
2005,1001,Import,629276
2005,1002,Export,39430
2005,1002,Import,39326
2005,NA,Export,13380829
2005,NA,Import,104828418
2006,0001,Export,6316
2006,0101,Export,71372
2006,0101,Import,278074
2006,0102,Export,77044
2006,0102,Import,1478842
2006,0103,Export,524976
2006,0103,Import,8750743
2006,0104,Export,389863
2006,0104,Import,1921714
2006,0105,Export,453147
2006,0105,Import,462445
2006,0106,Export,1323559
2006,0106,Import,10462954
2006,0108,Export,795285
2006,0108,Import,4392872
2006,0109,Export,109486
2006,0109,Import,1859991
2006,0111,Export,289243
2006,0111,Import,708289
2006,0112,Export,31025
2006,0113,Export,406148
2006,0113,Import,879787
2006,0114,Export,846700
2006,0114,Import,4656538
2006,0201,Export,36303232
2006,0201,Import,74632754
2006,0202,Export,2342877
2006,0202,Import,42936747
2006,0203,Export,1708205
2006,0203,Import,7229174
2006,0204,Export,532801
2006,0204,Import,20171754
2006,0205,Export,7375748
2006,0205,Import,40650137
2006,0301,Export,8597017
2006,0301,Import,42023639
2006,0302,Export,26054573
2006,0302,Import,16576594
2006,0303,Export,86389089
2006,0303,Import,7466079
2006,0304,Export,96044
2006,0304,Import,834163
2006,0305,Export,20349695
2006,0305,Import,8027487
2006,0306,Export,96656294
2006,0306,Import,114388380
2006,0307,Export,1242757
2006,0307,Import,3500046
2006,0308,Export,22277
2006,0308,Import,64856
2006,0309,Export,7293801
2006,0309,Import,5683386
2006,0401,Export,8014856
2006,0401,Import,24823059
2006,0402,Export,3200473
2006,0402,Import,26582832
2006,0403,Export,3973331
2006,0403,Import,26451938
2006,0404,Export,3746306
2006,0404,Import,18403995
2006,0405,Export,5315973
2006,0405,Import,20570181
2006,0406,Export,2268300
2006,0406,Import,14580614
2006,0407,Export,12245
2006,0407,Import,327605
2006,0408,Export,3990392
2006,0408,Import,21219761
2006,0501,Export,12528981
2006,0502,Export,21350003
2006,0502,Import,141270278
2006,0503,Export,1570228
2006,0503,Import,3367542
2006,0504,Export,4310414
2006,0504,Import,21737733
2006,0506,Export,3535375
2006,0601,Export,7446591
2006,0601,Import,54066615
2006,0602,Export,2621370
2006,0602,Import,4980827
2006,0701,Export,29827662
2006,0701,Import,130479886
2006,0801,Export,196368
2006,0801,Import,1346818
2006,0802,Export,973
2006,0802,Import,43422
2006,0901,Export,99958550
2006,0901,Import,219849547
2006,0902,Export,823207
2006,0902,Import,3258935
2006,1001,Export,3262737955
2006,1001,Import,416976
2006,1002,Export,46224
2006,1002,Import,96627
2006,NA,Export,13042230
2006,NA,Import,107563608
2007,0101,Export,85064
2007,0101,Import,322530
2007,0102,Export,131598
2007,0102,Import,1247069
2007,0103,Export,409424
2007,0103,Import,8276248
2007,0104,Export,352550
2007,0104,Import,2175051
2007,0105,Export,592463
2007,0105,Import,378973
2007,0106,Export,987540
2007,0106,Import,9509930
2007,0108,Export,434480
2007,0108,Import,7254440
2007,0109,Export,138465
2007,0109,Import,1598837
2007,0111,Export,297134
2007,0111,Import,661674
2007,0113,Export,574329
2007,0113,Import,2691709
2007,0114,Export,771992
2007,0114,Import,5122142
2007,0201,Export,25169614
2007,0201,Import,74116252
2007,0202,Export,3260308
2007,0202,Import,56478623
2007,0203,Export,3448275
2007,0203,Import,7084635
2007,0204,Export,554914
2007,0204,Import,11347959
2007,0205,Export,4482830
2007,0205,Import,30107466
2007,0301,Export,3521407
2007,0301,Import,29755640
2007,0302,Export,2504791
2007,0302,Import,7570939
2007,0303,Export,1522620
2007,0303,Import,7634606
2007,0304,Export,1223908
2007,0304,Import,9081220
2007,0305,Export,4206079
2007,0305,Import,33394686
2007,0306,Export,5871204
2007,0306,Import,44574947
2007,0307,Export,574782
2007,0307,Import,1660422
2007,0308,Export,514927
2007,0308,Import,1241965
2007,0309,Export,5348121
2007,0309,Import,10219324
2007,0401,Export,3110473
2007,0402,Export,7115310
2007,0402,Import,45778894
2007,0403,Export,3595608
2007,0403,Import,30946581
2007,0404,Export,9889277
2007,0404,Import,56426894
2007,0405,Export,5233150
2007,0405,Import,15471208
2007,0406,Export,3886333
2007,0406,Import,20665653
2007,0407,Export,37163
2007,0407,Import,30734
2007,0408,Export,1515213
2007,0408,Import,44540248
2007,0502,Export,18747176
2007,0502,Import,131336493
2007,0503,Export,1068903
2007,0503,Import,2664612
2007,0504,Export,5363174
2007,0504,Import,18754670
2007,0506,Import,4855678
2007,0601,Export,7456592
2007,0601,Import,62237473
2007,0602,Export,2739655
2007,0602,Import,7857148
2007,0703,Export,93159
2007,0703,Import,1298689
2007,0801,Export,292489
2007,0801,Import,1901081
2007,0802,Export,47893
2007,0802,Import,32659
2007,0901,Export,99718543
2007,0901,Import,177357254
2007,0902,Export,2511531
2007,0902,Import,962909
2007,1001,Export,66742
2007,1001,Import,970418
2007,1002,Export,20253
2007,1002,Import,177045
2007,NA,Export,12271890
2007,NA,Import,111576267
2008,0101,Export,61656
2008,0101,Import,488770
2008,0102,Export,1371728
2008,0102,Import,1130042
2008,0103,Export,330029
2008,0103,Import,8234439
2008,0104,Export,220779
2008,0104,Import,2368279
2008,0105,Export,491636
2008,0105,Import,328185
2008,0106,Export,949243
2008,0106,Import,8948344
2008,0108,Export,447913
2008,0108,Import,6951686
2008,0109,Export,126961
2008,0109,Import,1172120
2008,0111,Export,292211
2008,0111,Import,411231
2008,0113,Export,405467
2008,0113,Import,2248209
2008,0114,Export,690837
2008,0114,Import,5023408
2008,0201,Export,8321574
2008,0201,Import,72300000
2008,0202,Export,3566467
2008,0202,Import,58034803
2008,0203,Export,4222347
2008,0203,Import,9425454
2008,0204,Export,587227
2008,0204,Import,11063756
2008,0205,Export,3909967
2008,0205,Import,27672587
2008,0301,Export,7119760
2008,0301,Import,28408048
2008,0302,Export,1861810
2008,0302,Import,6567415
2008,0303,Export,1971789
2008,0303,Import,11382974
2008,0304,Export,2409067
2008,0304,Import,8685052
2008,0305,Export,20522139
2008,0305,Import,23193287
2008,0306,Export,7432237
2008,0306,Import,42207634
2008,0307,Export,714503
2008,0307,Import,2176119
2008,0308,Export,648486
2008,0308,Import,800342
2008,0309,Export,3135763
2008,0309,Import,9197532
2008,0401,Export,4612071
2008,0402,Export,8497590
2008,0402,Import,49042405
2008,0403,Export,5333426
2008,0403,Import,54135976
2008,0404,Export,113748319
2008,0404,Import,28602512
2008,0405,Export,4370838
2008,0405,Import,12446726
2008,0406,Export,5724942
2008,0406,Import,17977256
2008,0407,Export,183714
2008,0407,Import,23258
2008,0408,Export,1499194
2008,0408,Import,12565647
2008,0501,Export,5848202
2008,0502,Export,20880310
2008,0502,Import,376565239
2008,0503,Export,1086367
2008,0503,Import,2195175
2008,0504,Export,5539019
2008,0504,Import,17427195
2008,0601,Export,9168269
2008,0601,Import,46401210
2008,0602,Export,2373083
2008,0602,Import,6040775
2008,0703,Export,516141
2008,0703,Import,1185046
2008,0801,Export,402371
2008,0801,Import,1936963
2008,0802,Export,44910
2008,0802,Import,6728
2008,0901,Export,107455548
2008,0901,Import,256188550
2008,0902,Export,797482
2008,0902,Import,1058314
2008,1001,Export,155325
2008,1001,Import,521538
2008,1002,Export,17224
2008,1002,Import,55598
2008,NA,Export,10177612
2008,NA,Import,118944912
2009,0101,Export,76049
2009,0101,Import,78877
2009,0102,Export,91355
2009,0102,Import,1016973
2009,0103,Export,334112
2009,0103,Import,7527549
2009,0104,Export,204318
2009,0104,Import,2774525
2009,0105,Export,863241
2009,0105,Import,218345
2009,0106,Export,1261115
2009,0106,Import,9978018
2009,0108,Export,410672
2009,0108,Import,3353180
2009,0109,Export,138307
2009,0109,Import,841225
2009,0111,Export,75851
2009,0111,Import,88915
2009,0113,Export,155530
2009,0113,Import,1062689
2009,0114,Export,528361
2009,0114,Import,5330077
2009,0201,Export,7407552
2009,0201,Import,70878177
2009,0202,Export,3408156
2009,0202,Import,46348449
2009,0203,Export,3478931
2009,0203,Import,9359266
2009,0205,Export,3133176
2009,0205,Import,20090592
2009,0301,Export,4808130
2009,0301,Import,86227381
2009,0302,Export,1931469
2009,0302,Import,5669687
2009,0303,Export,1993885
2009,0303,Import,12231627
2009,0305,Export,1544001
2009,0305,Import,5986555
2009,0307,Export,575548
2009,0307,Import,1247166
2009,0402,Export,5955347
2009,0402,Import,26548695
2009,0403,Export,1201292
2009,0403,Import,6264303
2009,0404,Export,2383770
2009,0404,Import,13210975
2009,0405,Export,2701641
2009,0405,Import,12172108
2009,0406,Export,529295
2009,0406,Import,178757
2009,0501,Import,4559944
2009,0502,Export,14388444
2009,0502,Import,212908386
2009,0503,Export,853058
2009,0503,Import,2154576
2009,0504,Export,3947551
2009,0504,Import,13193541
2009,0601,Export,7029383
2009,0601,Import,26562204
2009,0602,Export,2573462
2009,0602,Import,5535484
2009,0801,Export,464119
2009,0801,Import,1069491
2009,0802,Import,24031
2009,0901,Export,94318926
2009,0901,Import,139258003
2009,0902,Export,1068790
2009,0902,Import,713979
2009,1001,Export,514771
2009,1001,Import,259532
2009,1002,Export,35493
2009,1002,Import,75560
2009,NA,Export,7907213
2009,NA,Import,109598945
2010,0101,Export,48261
2010,0101,Import,114903
2010,0102,Export,73443
2010,0102,Import,1115187
2010,0103,Export,381736
2010,0103,Import,8693215
2010,0104,Export,140253
2010,0104,Import,3001447
2010,0105,Export,435532
2010,0105,Import,194922
2010,0106,Export,973223
2010,0106,Import,11645269
2010,0108,Export,168757
2010,0108,Import,3473232
2010,0109,Export,32814
2010,0109,Import,731555
2010,0111,Export,187668
2010,0111,Import,95364
2010,0113,Export,65397
2010,0113,Import,415749
2010,0114,Export,617664
2010,0114,Import,5171948
2010,0201,Export,8588699
2010,0201,Import,82020226
2010,0202,Export,3293143
2010,0202,Import,47243733
2010,0203,Export,3106486
2010,0203,Import,8786918
2010,0204,Export,674518
2010,0204,Import,11067108
2010,0205,Export,3036581
2010,0205,Import,26137158
2010,0301,Export,4735829
2010,0301,Import,27044559
2010,0302,Export,2070404
2010,0302,Import,6614374
2010,0303,Export,2615090
2010,0303,Import,15257319
2010,0304,Export,1148184
2010,0304,Import,8151477
2010,0305,Export,6456955
2010,0305,Import,18699635
2010,0306,Export,11292122
2010,0306,Import,59282482
2010,0307,Export,649866
2010,0307,Import,1520570
2010,0308,Export,356714
2010,0308,Import,680316
2010,0309,Export,822589
2010,0309,Import,7285075
2010,0402,Export,10031088
2010,0402,Import,42425835
2010,0403,Export,6796944
2010,0403,Import,23439818
2010,0404,Export,9066831
2010,0404,Import,25174651
2010,0405,Export,3826773
2010,0405,Import,11076305
2010,0406,Export,6741930
2010,0406,Import,18639696
2010,0407,Export,82725
2010,0407,Import,196644
2010,0408,Export,828762
2010,0408,Import,11829372
2010,0501,Export,7667313
2010,0501,Import,4629655
2010,0502,Export,16317945
2010,0502,Import,158411102
2010,0503,Export,1196262
2010,0503,Import,2733072
2010,0504,Export,7173670
2010,0504,Import,19578643
2010,0601,Export,7456712
2010,0601,Import,38884701
2010,0602,Export,2691524
2010,0602,Import,6186411
2010,0703,Export,117577
2010,0703,Import,129087
2010,0801,Export,452224
2010,0801,Import,1429595
2010,0802,Export,960
2010,0901,Export,131616257
2010,0901,Import,114341967
2010,0902,Export,1183016
2010,0902,Import,1157101
2010,1001,Export,90213
2010,1001,Import,166401
2010,1002,Export,31422
2010,1002,Import,70177
2010,NA,Export,8823347
2010,NA,Import,115461953
2011,0101,Export,143777
2011,0101,Import,86769
2011,0102,Export,72312
2011,0102,Import,1167473
2011,0103,Export,360356
2011,0103,Import,7733799
2011,0104,Export,148110
2011,0104,Import,3253117
2011,0105,Export,468046
2011,0105,Import,237358
2011,0106,Export,985095
2011,0106,Import,14002793
2011,0108,Export,120574
2011,0108,Import,3285876
2011,0109,Export,21348
2011,0109,Import,707067
2011,0111,Export,56358
2011,0111,Import,89547
2011,0113,Export,142953
2011,0113,Import,309034
2011,0114,Export,592818
2011,0114,Import,4972508
2011,0201,Export,10085382
2011,0201,Import,77057528
2011,0202,Export,5962950
2011,0202,Import,43466826
2011,0203,Export,3499516
2011,0203,Import,9460435
2011,0204,Export,597515
2011,0204,Import,10782454
2011,0205,Export,3812989
2011,0205,Import,28757826
2011,0301,Export,23755147
2011,0301,Import,76748716
2011,0302,Export,2407738
2011,0302,Import,7287523
2011,0303,Export,2474630
2011,0303,Import,16692539
2011,0304,Export,1621841
2011,0304,Import,8498491
2011,0305,Export,8296929
2011,0305,Import,16799280
2011,0306,Export,13405177
2011,0306,Import,50854682
2011,0307,Export,616402
2011,0307,Import,2092156
2011,0308,Export,265701
2011,0308,Import,324851
2011,0309,Export,984269
2011,0309,Import,6774101
2011,0401,Export,3631685
2011,0402,Export,10978894
2011,0402,Import,33362086
2011,0403,Export,6659321
2011,0403,Import,18297068
2011,0404,Export,5392526
2011,0404,Import,21910609
2011,0405,Export,4032650
2011,0405,Import,11082707
2011,0406,Export,5710895
2011,0406,Import,16547924
2011,0407,Export,36638
2011,0407,Import,71683
2011,0408,Export,738455
2011,0408,Import,10876096
2011,0501,Import,6034508
2011,0502,Export,17364184
2011,0502,Import,133366166
2011,0503,Export,1234939
2011,0503,Import,2954402
2011,0504,Export,4533672
2011,0504,Import,31293963
2011,0601,Export,9789811
2011,0601,Import,38142164
2011,0602,Export,2610113
2011,0602,Import,7282990
2011,0703,Export,254892
2011,0703,Import,68009
2011,0801,Export,623549
2011,0801,Import,2352843
2011,0802,Export,55645
2011,0901,Export,139278117
2011,0901,Import,79763026
2011,0902,Export,1324558
2011,0902,Import,1419972
2011,1001,Export,258985
2011,1001,Import,144541
2011,1002,Export,55430
2011,1002,Import,50533
2012,0101,Export,59450
2012,0101,Import,198939
2012,0102,Export,78713
2012,0102,Import,1150062
2012,0103,Export,424512
2012,0103,Import,6798407
2012,0104,Export,279434
2012,0104,Import,3227449
2012,0105,Export,9080
2012,0105,Import,40985
2012,0106,Export,795109
2012,0106,Import,8749326
2012,0108,Export,133464
2012,0108,Import,3451875
2012,0109,Export,16386
2012,0109,Import,657761
2012,0113,Export,108944
2012,0113,Import,375435
2012,0114,Export,590889
2012,0114,Import,3850793
2012,0201,Export,9994924
2012,0201,Import,60044807
2012,0202,Export,3353027
2012,0202,Import,30563472
2012,0203,Export,1667862
2012,0203,Import,7946631
2012,0204,Export,565664
2012,0204,Import,7869131
2012,0205,Export,1635207
2012,0205,Import,17386057
2012,0301,Export,20685156
2012,0301,Import,74482529
2012,0302,Export,2473978
2012,0302,Import,7762700
2012,0303,Export,3549277
2012,0303,Import,17938645
2012,0304,Export,1304288
2012,0304,Import,6616068
2012,0305,Export,6468722
2012,0305,Import,12691395
2012,0306,Export,10377959
2012,0306,Import,43625826
2012,0307,Export,1333157
2012,0307,Import,2330322
2012,0308,Export,271059
2012,0308,Import,512184
2012,0309,Export,841754
2012,0309,Import,5579140
2012,0402,Export,6868097
2012,0402,Import,20783104
2012,0403,Export,3623287
2012,0403,Import,10340895
2012,0404,Export,5346552
2012,0404,Import,17644742
2012,0405,Export,3488757
2012,0405,Import,9703018
2012,0406,Export,7870991
2012,0406,Import,13224411
2012,0407,Export,11915
2012,0407,Import,960282
2012,0408,Export,530163
2012,0408,Import,8594085
2012,0502,Export,11147328
2012,0502,Import,92730220
2012,0503,Export,1046354
2012,0503,Import,3512547
2012,0504,Export,3772506
2012,0504,Import,20714932
2012,0601,Export,12241849
2012,0601,Import,28784269
2012,0602,Export,1619035
2012,0602,Import,8086106
2012,0703,Export,139134
2012,0703,Import,168297
2012,0801,Export,1093336
2012,0801,Import,2035583
2012,0901,Export,125754759
2012,0901,Import,74657533
2012,0902,Export,1891276
2012,0902,Import,1895127
2012,1001,Export,274820
2012,1001,Import,233405
2012,1002,Export,41488
2012,1002,Import,66661
2013,0101,Export,142941
2013,0101,Import,181907
2013,0102,Export,75671
2013,0102,Import,1348566
2013,0103,Export,550601
2013,0103,Import,7860849
2013,0104,Export,360586
2013,0104,Import,3291904
2013,0105,Export,508011
2013,0105,Import,230816
2013,0106,Export,701912
2013,0106,Import,11498880
2013,0108,Export,319051
2013,0108,Import,3618745
2013,0109,Export,41349
2013,0109,Import,795557
2013,0111,Export,74944
2013,0111,Import,86175
2013,0113,Export,76111
2013,0113,Import,482455
2013,0114,Export,821751
2013,0114,Import,4266214
2013,0201,Export,10381281
2013,0201,Import,72555806
2013,0202,Export,2670849
2013,0202,Import,29191209
2013,0203,Export,1572264
2013,0203,Import,10104585
2013,0204,Export,714618
2013,0204,Import,8240206
2013,0205,Export,3997954
2013,0205,Import,24935697
2013,0301,Export,24960010
2013,0301,Import,72756990
2013,0302,Export,3349173
2013,0302,Import,9207059
2013,0303,Export,3357693
2013,0303,Import,20100995
2013,0304,Export,1533068
2013,0304,Import,7743612
2013,0305,Export,9766218
2013,0305,Import,11303505
2013,0306,Export,9734737
2013,0306,Import,44568154
2013,0307,Export,573813
2013,0307,Import,1562029
2013,0308,Export,133350
2013,0308,Import,259006
2013,0309,Export,743013
2013,0309,Import,5546803
2013,0401,Export,5193922
2013,0402,Export,6284663
2013,0402,Import,18370655
2013,0403,Export,3340688
2013,0403,Import,8615350
2013,0404,Export,5414471
2013,0404,Import,17090446
2013,0405,Export,1720719
2013,0405,Import,10840731
2013,0406,Export,4258343
2013,0406,Import,11654139
2013,0407,Export,22506
2013,0407,Import,240154
2013,0408,Export,452966
2013,0408,Import,6667941
2013,0501,Import,4816998
2013,0502,Export,13391028
2013,0502,Import,102225456
2013,0503,Export,2070983
2013,0503,Import,4831862
2013,0504,Export,3486593
2013,0504,Import,26029715
2013,0601,Export,8187492
2013,0601,Import,32168694
2013,0602,Export,1640096
2013,0602,Import,7998102
2013,0703,Export,74810
2013,0703,Import,192524
2013,0801,Export,973242
2013,0801,Import,2374799
2013,0802,Export,74617
2013,0802,Import,36656
2013,0901,Export,144054389
2013,0901,Import,84715658
2013,0902,Export,1947793
2013,0902,Import,1510591
2013,1001,Export,33712
2013,1001,Import,138776
2013,1002,Export,63045
2013,1002,Import,55927
2014,0101,Export,122048
2014,0101,Import,110551
2014,0102,Export,76128
2014,0102,Import,1391274
2014,0103,Export,551536
2014,0103,Import,8367461
2014,0104,Export,127759
2014,0104,Import,3614480
2014,0105,Export,446186
2014,0105,Import,299678
2014,0106,Export,899416
2014,0106,Import,9966461
2014,0108,Export,157454
2014,0108,Import,3983218
2014,0109,Export,31405
2014,0109,Import,893825
2014,0111,Export,51638
2014,0111,Import,111214
2014,0113,Export,142563
2014,0113,Import,683703
2014,0114,Export,822092
2014,0114,Import,4270283
2014,0201,Export,8311010
2014,0201,Import,76630690
2014,0202,Export,2440616
2014,0202,Import,28681751
2014,0203,Export,1511662
2014,0203,Import,11475024
2014,0204,Export,939140
2014,0204,Import,9239821
2014,0205,Export,4216133
2014,0205,Import,26358833
2014,0301,Export,24650402
2014,0301,Import,67776637
2014,0302,Export,3483076
2014,0302,Import,7711738
2014,0303,Export,2957831
2014,0303,Import,19625923
2014,0304,Export,2054857
2014,0304,Import,8901874
2014,0305,Export,7999886
2014,0305,Import,10164857
2014,0306,Export,10188617
2014,0306,Import,41987635
2014,0307,Export,553089
2014,0307,Import,1726681
2014,0308,Export,110671
2014,0308,Import,283349
2014,0309,Export,1009942
2014,0309,Import,6841682
2014,0402,Export,6285631
2014,0402,Import,17231428
2014,0403,Export,2758850
2014,0403,Import,9479861
2014,0404,Export,5479102
2014,0404,Import,14989103
2014,0405,Export,2451804
2014,0405,Import,12763727
2014,0406,Export,1878401
2014,0406,Import,11363205
2014,0407,Export,7080
2014,0407,Import,506035
2014,0408,Export,465129
2014,0408,Import,7333531
2014,0501,Export,4392076
2014,0501,Import,5059974
2014,0502,Export,16228254
2014,0502,Import,79826563
2014,0503,Export,2117877
2014,0503,Import,4295764
2014,0504,Export,3654686
2014,0504,Import,22007328
2014,0601,Export,10092764
2014,0601,Import,41070510
2014,0602,Export,2134247
2014,0602,Import,6706990
2014,0703,Export,321153
2014,0703,Import,306984
2014,0801,Export,1020500
2014,0801,Import,4065290
2014,0802,Export,45874
2014,0901,Export,92322116
2014,0901,Import,83604390
2014,0902,Export,1568167
2014,0902,Import,1243353
2014,1001,Export,32066
2014,1001,Import,202689
2014,1002,Export,193298
2014,1002,Import,40401
2015,0101,Export,179653
2015,0101,Import,200957
2015,0102,Export,130772
2015,0102,Import,1554216
2015,0103,Export,1123774
2015,0103,Import,9183191
2015,0104,Export,154292
2015,0104,Import,3633695
2015,0105,Export,289279
2015,0105,Import,264603
2015,0106,Export,747434
2015,0106,Import,9669547
2015,0108,Export,154629
2015,0108,Import,4083478
2015,0109,Export,22137
2015,0109,Import,887102
2015,0111,Export,50205
2015,0111,Import,106524
2015,0113,Export,217149
2015,0113,Import,445827
2015,0114,Export,886236
2015,0114,Import,4212965
2015,0201,Export,9173345
2015,0201,Import,74451120
2015,0202,Export,2534357
2015,0202,Import,32289812
2015,0203,Export,1369443
2015,0203,Import,11576594
2015,0204,Export,935179
2015,0204,Import,10089535
2015,0205,Export,3633452
2015,0205,Import,29116949
2015,0301,Export,20434071
2015,0301,Import,60632232
2015,0302,Export,3571772
2015,0302,Import,5713773
2015,0303,Export,3064390
2015,0303,Import,18422378
2015,0304,Export,1510646
2015,0304,Import,7429844
2015,0305,Export,3571884
2015,0305,Import,14315129
2015,0306,Export,8483156
2015,0306,Import,39845770
2015,0307,Export,799691
2015,0307,Import,2318819
2015,0308,Export,145547
2015,0308,Import,159292
2015,0309,Export,808770
2015,0309,Import,5742573
2015,0402,Export,6188677
2015,0402,Import,18310361
2015,0403,Export,3076601
2015,0403,Import,8670196
2015,0404,Export,6851221
2015,0404,Import,15471503
2015,0405,Export,2455144
2015,0405,Import,11767128
2015,0406,Export,2190245
2015,0406,Import,11352663
2015,0407,Export,22607
2015,0407,Import,481871
2015,0408,Export,445307
2015,0408,Import,7368634
2015,0501,Export,9559698
2015,0501,Import,4629704
2015,0502,Export,10392205
2015,0502,Import,73885435
2015,0503,Export,1810777
2015,0503,Import,3939368
2015,0504,Export,2962772
2015,0504,Import,19113092
2015,0601,Export,7567239
2015,0601,Import,45850468
2015,0602,Export,1867445
2015,0602,Import,7276672
2015,0703,Export,63410
2015,0703,Import,466062
2015,0801,Export,1518136
2015,0801,Import,3255571
2015,0802,Export,2197
2015,0901,Export,157889926
2015,0901,Import,101408473
2015,0902,Export,1373761
2015,0902,Import,2366544
2015,1001,Export,64286
2015,1001,Import,217117
2015,1002,Export,114861
2015,1002,Import,50957
2016,0101,Export,147060
2016,0101,Import,136502
2016,0102,Export,261342
2016,0102,Import,1685095
2016,0103,Export,600825
2016,0103,Import,9296580
2016,0104,Export,194152
2016,0104,Import,3966535
2016,0105,Export,334180
2016,0105,Import,536355
2016,0106,Export,755647
2016,0106,Import,11587446
2016,0108,Export,209389
2016,0108,Import,4350878
2016,0109,Export,29650
2016,0109,Import,883700
2016,0111,Export,188877
2016,0111,Import,87258
2016,0113,Export,168854
2016,0113,Import,512209
2016,0114,Export,1006213
2016,0114,Import,4496919
2016,0201,Export,9861072
2016,0201,Import,73335239
2016,0202,Export,2024891
2016,0202,Import,33308873
2016,0203,Export,1931440
2016,0203,Import,11833733
2016,0204,Export,883382
2016,0204,Import,10397983
2016,0205,Export,8696811
2016,0205,Import,28537958
2016,0301,Export,18869659
2016,0301,Import,63150615
2016,0302,Export,4098723
2016,0302,Import,10405019
2016,0303,Export,3209578
2016,0303,Import,18519821
2016,0304,Export,1924953
2016,0304,Import,7685158
2016,0305,Export,3083819
2016,0305,Import,12335794
2016,0306,Export,7174802
2016,0306,Import,37614765
2016,0307,Export,427310
2016,0307,Import,2923509
2016,0308,Export,132221
2016,0308,Import,105669
2016,0309,Export,973893
2016,0309,Import,5812524
2016,0402,Export,7073416
2016,0402,Import,16147388
2016,0403,Export,2775807
2016,0403,Import,8673368
2016,0404,Export,8272273
2016,0404,Import,17150348
2016,0405,Export,2409668
2016,0405,Import,12189998
2016,0406,Export,1908286
2016,0406,Import,12059033
2016,0407,Export,11647
2016,0407,Import,435519
2016,0408,Export,431063
2016,0408,Import,7006857
2016,0501,Export,20305198
2016,0501,Import,4457112
2016,0502,Export,13554174
2016,0502,Import,56498160
2016,0503,Export,2786606
2016,0503,Import,4991809
2016,0504,Export,2356173
2016,0504,Import,16470389
2016,0601,Export,6910477
2016,0601,Import,53205453
2016,0602,Export,3408553
2016,0602,Import,7698246
2016,0703,Export,73045
2016,0703,Import,312770
2016,0801,Export,1088941
2016,0801,Import,2753229
2016,0802,Export,63066
2016,0901,Export,131336138
2016,0901,Import,98853334
2016,0902,Export,1118222
2016,0902,Import,3305227
2016,1001,Export,211931
2016,1001,Import,511196
2016,1002,Export,29595
2016,1002,Import,20425
2017,0101,Export,119457.817
2017,0101,Import,164017
2017,0102,Export,141708.877
2017,0102,Import,1656379
2017,0103,Export,722002.099
2017,0103,Import,11353193
2017,0104,Export,204757.021
2017,0104,Import,3749460
2017,0105,Export,145995.837
2017,0105,Import,397752.546
2017,0106,Export,1314206.2480000001
2017,0106,Import,12390312.22
2017,0108,Export,259744.695
2017,0108,Import,4457989
2017,0109,Export,38015
2017,0109,Import,895193.8970000001
2017,0111,Import,296611.588
2017,0112,Export,2320.277
2017,0113,Export,261855.695
2017,0113,Import,884749.733
2017,0114,Export,1096974
2017,0114,Import,4045833
2017,0201,Export,10269152.242
2017,0201,Import,58782177.912999995
2017,0202,Export,2101258.798
2017,0202,Import,28759803
2017,0203,Export,1862965.185
2017,0203,Import,13973587.386
2017,0204,Export,991328
2017,0204,Import,9644510
2017,0205,Export,4442539.924000001
2017,0205,Import,28596124.472999997
2017,0301,Export,17994942.883
2017,0301,Import,32139625.06
2017,0302,Export,5326440
2017,0302,Import,16353948.523000002
2017,0303,Export,4205716.565
2017,0303,Import,17337039
2017,0304,Export,1391166.872
2017,0304,Import,6620569
2017,0305,Export,1393577
2017,0305,Import,5227580
2017,0306,Export,7155257
2017,0306,Import,32341944
2017,0307,Export,465520.67199999996
2017,0307,Import,2917433
2017,0308,Export,169483.79700000002
2017,0308,Import,109036
2017,0309,Export,893641.253
2017,0309,Import,6205557.9969999995
2017,0402,Export,1262480.29
2017,0402,Import,9824838.985
2017,0403,Export,2592545.873
2017,0403,Import,8971247.019
2017,0404,Export,4474764.761000001
2017,0404,Import,14097141.085
2017,0405,Export,3069608
2017,0405,Import,13393135
2017,0406,Export,1732444
2017,0406,Import,12190909
2017,0407,Export,14378
2017,0407,Import,319511
2017,0408,Export,503570.956
2017,0408,Import,6603662.042
2017,0503,Export,2432428
2017,0503,Import,5090526
2017,0504,Export,2273844.389
2017,0504,Import,12782149.974
2017,0505,Export,3081978.472
2017,0601,Export,5738634.766
2017,0601,Import,31785230.394999996
2017,0602,Export,1878410.93
2017,0602,Import,7507508.563
2017,0703,Export,52025
2017,0703,Import,368858
2017,0801,Import,2473857
2017,0802,Export,89215.466
2017,0802,Import,48903.064
2017,0901,Export,112240456.345
2017,0901,Import,106736182.116
2017,0902,Export,1827.292
2017,0902,Import,7273994.544000001
2017,1001,Export,51649
2017,1001,Import,105260
2017,1002,Export,18793
2017,1002,Import,47376.143
2018,0101,Export,62578
2018,0101,Import,195989.769
2018,0102,Export,146770.40600000002
2018,0102,Import,1763803.107
2018,0103,Export,729774.933
2018,0103,Import,9606520
2018,0104,Export,365655.58
2018,0104,Import,3705977
2018,0105,Export,163231.426
2018,0105,Import,337245.66099999996
2018,0106,Export,1075337.246
2018,0106,Import,13779393.205
2018,0108,Export,294823.012
2018,0108,Import,4198209.957
2018,0109,Export,59969
2018,0109,Import,836255.856
2018,0111,Export,90715.496
2018,0111,Import,288904.402
2018,0112,Export,1764.403
2018,0112,Import,65796.319
2018,0113,Export,266051.752
2018,0113,Import,831238.954
2018,0114,Export,836687
2018,0114,Import,4166183
2018,0201,Export,21618455.655000005
2018,0201,Import,113877910.254
2018,0202,Export,2284109.539
2018,0202,Import,28333050
2018,0203,Export,2284782
2018,0203,Import,13937886.5
2018,0204,Export,995962
2018,0204,Import,13041519
2018,0205,Export,4027498.227
2018,0205,Import,31844461.467
2018,0301,Export,26521469
2018,0301,Import,65640212.147999994
2018,0302,Export,6744595
2018,0302,Import,15976663.786
2018,0303,Export,4448388.815
2018,0303,Import,19514209.234
2018,0304,Export,1404181
2018,0304,Import,6631850.95
2018,0305,Export,2689390.295
2018,0305,Import,6399959.608
2018,0306,Export,14136583
2018,0306,Import,62988613
2018,0307,Export,550977.4720000001
2018,0307,Import,2345696.755
2018,0308,Export,218803
2018,0308,Import,190721
2018,0309,Export,929991.831
2018,0309,Import,7772514.863
2018,0401,Export,6335969.123
2018,0402,Export,8483305.612
2018,0402,Import,16077904.665000001
2018,0403,Export,4171127.149
2018,0403,Import,9458218.066
2018,0404,Export,6461752.871
2018,0404,Import,15535721.281
2018,0405,Export,3843318
2018,0405,Import,13454941
2018,0406,Export,5382853
2018,0406,Import,19703014.494
2018,0407,Export,18013
2018,0407,Import,298785
2018,0408,Export,452567.854
2018,0408,Import,7046423.345
2018,0501,Import,2757675.94
2018,0502,Import,42966016.667
2018,0503,Export,4364586
2018,0503,Import,9656725
2018,0504,Export,5287438.163
2018,0504,Import,23682915
2018,0505,Import,70608184.978
2018,0601,Export,14463133.235
2018,0601,Import,39028582.488
2018,0602,Export,1475360.6060000001
2018,0602,Import,7478873.735
2018,0703,Export,37741
2018,0703,Import,205826.611
2018,0801,Export,5184146
2018,0801,Import,10761580.737
2018,0802,Export,21949.602
2018,0802,Import,65762.263
2018,0901,Export,137442455.739
2018,0901,Import,151474243.54999998
2018,0902,Export,1339611.222
2018,0902,Import,7600739.140000001
2018,1001,Export,71204.168
2018,1001,Import,67630.56
2018,1002,Export,39122.82
2018,1002,Import,74867
2019,0101,Export,102825
2019,0101,Import,173724.448
2019,0102,Export,49144
2019,0102,Import,1651089.062
2019,0103,Export,715450
2019,0103,Import,8486823.363
2019,0104,Export,382903
2019,0104,Import,3494733.057
2019,0105,Export,22147
2019,0105,Import,387946.37
2019,0106,Export,1560575
2019,0106,Import,11900794.015
2019,0108,Export,457509.349
2019,0108,Import,2336118
2019,0109,Export,44866.148
2019,0109,Import,934405.117
2019,0113,Export,102928.276
2019,0113,Import,824135.146
2019,0114,Export,752921
2019,0114,Import,4341173
2019,0201,Export,6816200.727
2019,0201,Import,47848795.909
2019,0202,Export,2038633.988
2019,0202,Import,24972792.306
2019,0203,Export,1094465.363
2019,0203,Import,13250084.023
2019,0204,Export,1038343
2019,0204,Import,9340600
2019,0205,Export,3444627.615
2019,0205,Import,28021882.306
2019,0301,Export,20418839.535
2019,0301,Import,58956244.059
2019,0302,Export,6977025
2019,0302,Import,11298959.115
2019,0303,Export,3534609
2019,0303,Import,20869865
2019,0304,Export,2041659
2019,0304,Import,5871905.511
2019,0305,Export,1040723
2019,0305,Import,3449152
2019,0306,Export,6216594
2019,0306,Import,29768682
2019,0307,Export,472768.159
2019,0307,Import,2009402.992
2019,0308,Export,133509
2019,0308,Import,86296
2019,0309,Export,1017844.622
2019,0309,Import,6936636.806
2019,0402,Export,1397299.238
2019,0402,Import,8653832.732
2019,0403,Export,3951149.937
2019,0403,Import,11266390.766999999
2019,0404,Export,3201266.029
2019,0404,Import,11826094.511
2019,0405,Export,3108862
2019,0405,Import,11372540
2019,0406,Export,2113157
2019,0406,Import,14481994.011
2019,0407,Export,15572
2019,0407,Import,514960
2019,0408,Export,525585
2019,0408,Import,7251747
2019,0501,Import,2340731.087
2019,0503,Export,3369298.087
2019,0503,Import,7522460
2019,0504,Export,1972844.8730000001
2019,0504,Import,9116338
2019,0505,Export,7244376.662
2019,0505,Import,78987298.88
2019,0601,Export,10653523.381000001
2019,0601,Import,34978245.405999996
2019,0602,Export,1474901.3739999998
2019,0602,Import,9451379.006
2019,0703,Export,48463
2019,0703,Import,234477.822
2019,0801,Export,1108293
2019,0801,Import,4647227.965
2019,0802,Export,5698.888
2019,0901,Export,91047728.628
2019,0901,Import,108900579.48400001
2019,0902,Export,794.968
2019,0902,Import,6695432.41
2019,1001,Export,10711
2019,1001,Import,2031761.078
2019,1002,Export,13799.644
2019,1002,Import,83792.93299999999
2020,0101,Export,15999
2020,0101,Import,184951.785
2020,0102,Export,133191
2020,0102,Import,1563249
2020,0103,Export,755205
2020,0103,Import,9426639
2020,0104,Export,165786
2020,0104,Import,3612729
2020,0105,Export,60593.607
2020,0105,Import,429236.658
2020,0106,Export,1267836
2020,0106,Import,8849698.056
2020,0108,Export,193132
2020,0108,Import,4204919
2020,0109,Export,51000.844
2020,0109,Import,1391528
2020,0111,Import,230363.482
2020,0112,Import,54481.784
2020,0113,Export,123287
2020,0113,Import,668008.03
2020,0114,Export,787603
2020,0114,Import,4499689
2020,0201,Export,6055259
2020,0201,Import,36700116.316
2020,0202,Export,2121797
2020,0202,Import,27815908
2020,0203,Export,1536274
2020,0203,Import,13027202
2020,0204,Export,1084099
2020,0204,Import,10676907
2020,0205,Export,5553728.362
2020,0205,Import,29367491.997
2020,0301,Export,19835356
2020,0301,Import,58947258.428
2020,0302,Export,7075259
2020,0302,Import,7515805.507
2020,0303,Export,3569150
2020,0303,Import,23189329
2020,0304,Export,993066
2020,0304,Import,4804990.171
2020,0305,Export,1084145
2020,0305,Import,5629071.493
2020,0306,Export,6682989
2020,0306,Import,30686630
2020,0307,Export,868626
2020,0307,Import,2014012.901
2020,0308,Export,70606
2020,0308,Import,132772
2020,0309,Export,977581
2020,0309,Import,17060928
2020,0402,Export,502937
2020,0402,Import,8229549.297
2020,0403,Export,3025611.958
2020,0403,Import,10092937.599000001
2020,0404,Export,2442367.306
2020,0404,Import,12165993.768
2020,0405,Export,2518051
2020,0405,Import,10313293
2020,0406,Export,2393407
2020,0406,Import,15818664
2020,0407,Export,1511050
2020,0407,Import,397185
2020,0408,Export,490094
2020,0408,Import,8007603.766
2020,0501,Import,2065946.493
2020,0503,Export,3019350
2020,0503,Import,6063482
2020,0504,Export,1255235
2020,0504,Import,9473362
2020,0505,Import,94961612
2020,0601,Export,18548648.674
2020,0601,Import,51645557.196
2020,0602,Export,1259100.7560000003
2020,0602,Import,8436211.202
2020,0703,Export,50683
2020,0703,Import,560114
2020,0801,Export,825559
2020,0801,Import,6050454.532
2020,0901,Export,62768756.043
2020,0901,Import,68108536.558
2020,0902,Import,4493780.36
2020,1001,Export,27542
2020,1001,Import,157728
2020,1002,Export,75111
2021,0101,Export,60564.219
2021,0101,Import,138928.927
2021,0102,Export,71478
2021,0102,Import,1869230
2021,0103,Export,560420.232
2021,0103,Import,10538877.189
2021,0104,Export,40595
2021,0104,Import,3738999.014
2021,0105,Export,15419
2021,0105,Import,653824.824
2021,0106,Export,945102
2021,0106,Import,11812360.441
2021,0108,Export,150506.876
2021,0108,Import,4563734.016
2021,0109,Export,49654.164
2021,0109,Import,1106327.386
2021,0111,Export,258845.239
2021,0111,Import,344090.781
2021,0112,Export,3580.153
2021,0113,Export,111676.672
2021,0113,Import,924841.796
2021,0114,Export,942672
2021,0114,Import,4406082
2021,0201,Export,3568820.295
2021,0201,Import,31683187.513
2021,0202,Export,931418.823
2021,0202,Import,35164338
2021,0203,Export,1027593.975
2021,0203,Import,13918273
2021,0204,Export,670642.798
2021,0204,Import,11384455
2021,0205,Export,2051598.6099999999
2021,0205,Import,18831527.716
2021,0301,Export,29973696.347
2021,0301,Import,84275775.404
2021,0302,Export,6466262
2021,0302,Import,5107516.366
2021,0303,Export,4155038.07
2021,0303,Import,20784917.173
2021,0304,Export,1418694.267
2021,0304,Import,6149929.647
2021,0305,Export,1643363.368
2021,0305,Import,5317433.4399999995
2021,0306,Export,3649227
2021,0306,Import,26009842
2021,0307,Export,629291
2021,0307,Import,1982998
2021,0308,Export,77573.028
2021,0308,Import,69700
2021,0309,Export,822733.176
2021,0309,Import,5681950.18
2021,0310,Export,487661
2021,0310,Import,467442
2021,0401,Export,8734981.969
2021,0401,Import,12614290.853
2021,0402,Export,220244
2021,0402,Import,6754807.626
2021,0403,Export,2037143.494
2021,0403,Import,7020614.015
2021,0404,Export,6895972.226
2021,0404,Import,10668467.032
2021,0405,Export,1261707
2021,0405,Import,11233310
2021,0406,Export,1550759.563
2021,0406,Import,15561889.240999999
2021,0407,Export,42848
2021,0407,Import,283775
2021,0408,Export,107435.362
2021,0408,Import,5923039.26
2021,0503,Export,2973121
2021,0503,Import,7929450
2021,0504,Export,1205454
2021,0504,Import,9943440
2021,0505,Export,5269986.896
2021,0505,Import,134972932.233
2021,0601,Export,14528735.938
2021,0601,Import,47809601.834
2021,0602,Export,1171690.229
2021,0602,Import,8435509.273
2021,0701,Export,1019404.11
2021,0701,Import,2051977.684
2021,0703,Export,23439
2021,0703,Import,38521
2021,0801,Export,732564
2021,0802,Export,5009.729
2021,0901,Export,52492890.36199999
2021,0901,Import,138104000.17299998
2021,0902,Export,441734.382
2021,0902,Import,4864909.437
2021,1001,Export,173438.231
2021,1001,Import,118555
2021,1002,Export,26403.338
2021,1002,Import,32593.395
2021,3001,Export,49764
2021,3001,Import,810098
2022,0101,Export,132698.076
2022,0101,Import,450703.019
2022,0102,Export,48076
2022,0103,Export,2345456
2022,0103,Import,9889690
2022,0104,Export,258676.884
2022,0104,Import,3447893.213
2022,0105,Export,100294.884
2022,0105,Import,32393
2022,0106,Export,953907.063
2022,0106,Import,9458111.057
2022,0108,Export,1026509.344
2022,0108,Import,3803521.705
2022,0109,Export,557798
2022,0109,Import,1212382.837
2022,0111,Export,209910.564
2022,0112,Export,77131.165
2022,0112,Import,67211.431
2022,0113,Export,80176.791
2022,0113,Import,1486957.081
2022,0114,Import,4005375
2022,0201,Export,3267136.509
2022,0201,Import,27759648.512
2022,0202,Export,1173473
2022,0202,Import,29235530.311
2022,0203,Export,938681.154
2022,0203,Import,11920780.041000001
2022,0204,Export,881318.197
2022,0204,Import,8710275
2022,0205,Export,1094413.267
2022,0205,Import,16391202.622
2022,0301,Export,28484524.206999995
2022,0301,Import,81737698.143
2022,0302,Export,6649181
2022,0302,Import,6494134.604
2022,0303,Export,4168018.05
2022,0303,Import,19957571.684
2022,0304,Export,3101150.941
2022,0304,Import,4402772.075999999
2022,0305,Export,1568623.658
2022,0305,Import,4420027
2022,0306,Export,151516
2022,0306,Import,27463117.95
2022,0307,Export,818590.486
2022,0307,Import,3401681.312
2022,0308,Export,54056.643
2022,0308,Import,65534
2022,0309,Export,1246203.379
2022,0309,Import,449052.973
2022,0310,Export,396277.317
2022,0310,Import,513199
2022,0402,Export,181597
2022,0402,Import,3014624
2022,0403,Export,2530985.686
2022,0403,Import,5332116.795999999
2022,0404,Export,10814416.384
2022,0404,Import,12049707.571
2022,0405,Export,1330486
2022,0405,Import,11537242
2022,0406,Export,1596427.699
2022,0406,Import,17048866
2022,0407,Export,8996.045
2022,0407,Import,728159
2022,0408,Export,163264.603
2022,0408,Import,6685390
2022,0409,Export,2788768.042
2022,0503,Export,3364543
2022,0503,Import,5562624
2022,0504,Export,750935.409
2022,0504,Import,4012347
2022,0505,Import,56114946.724
2022,0601,Export,18678208.412
2022,0601,Import,39680769.152
2022,0602,Export,1136152.7170000002
2022,0602,Import,7343244.647
2022,0701,Export,202213.499
2022,0701,Import,2689654.371
2022,0703,Export,17207
2022,0703,Import,25881
2022,0801,Export,653849
2022,0801,Import,3828058
2022,0802,Export,9749.322
2022,0901,Export,64634972.414
2022,0901,Import,155425594.18
2022,0902,Export,323.471
2022,0902,Import,8253.364
2022,1001,Export,251344
2022,1001,Import,136023
2022,1002,Export,1870
2022,1002,Import,18326
2022,3001,Export,93234.995
2022,3001,Import,727645
2023,0101,Export,50633.366
2023,0101,Import,321965.804
2023,0102,Export,21592.038
2023,0102,Import,1546927.527
2023,0103,Export,2603618.406
2023,0103,Import,12017402
2023,0104,Export,183733
2023,0104,Import,342483
2023,0105,Export,66245.527
2023,0105,Import,49715
2023,0106,Export,648860.765
2023,0106,Import,10619342
2023,0108,Export,1035827.208
2023,0108,Import,4303164.897
2023,0109,Export,852005.163
2023,0109,Import,979852
2023,0111,Export,260812.23
2023,0112,Export,77151.954
2023,0113,Export,113859.81
2023,0113,Import,1090625.889
2023,0114,Export,693278
2023,0114,Import,4288066
2023,0201,Export,2076217.966
2023,0201,Import,25321300.847000003
2023,0202,Export,1552997
2023,0202,Import,35226900.061000004
2023,0203,Export,801481.821
2023,0203,Import,9775796
2023,0204,Export,616326.495
2023,0204,Import,10736969.907
2023,0205,Export,1345392.599
2023,0205,Import,17106232.951
2023,0301,Export,29301299.134999998
2023,0301,Import,77514862.745
2023,0302,Export,8890792.528
2023,0302,Import,8658979
2023,0303,Export,5394722
2023,0303,Import,17167482.119
2023,0304,Export,874407.592
2023,0304,Import,6384945.534000001
2023,0305,Export,924700.618
2023,0305,Import,6078541.666999999
2023,0306,Export,5117710
2023,0306,Import,24323384.723
2023,0307,Export,794465.177
2023,0307,Import,4086094.303
2023,0308,Export,131492
2023,0308,Import,34927
2023,0309,Export,1106755.691
2023,0309,Import,7488130.692
2023,0310,Export,225156
2023,0310,Import,578328
2023,0402,Export,112042.236
2023,0402,Import,2475210
2023,0403,Export,2080691.2300000002
2023,0403,Import,3921202.481
2023,0404,Export,1243723.84
2023,0404,Import,3219192.873
2023,0405,Export,1634727
2023,0405,Import,11184811
2023,0406,Export,1743400.605
2023,0406,Import,16053723.413
2023,0407,Export,10126.135
2023,0407,Import,614125
2023,0408,Export,129945.107
2023,0408,Import,6204760
2023,0501,Export,1334466.594
2023,0501,Import,1240746.168
2023,0503,Export,3226671
2023,0503,Import,7305425
2023,0504,Export,3711504.721
2023,0504,Import,2625433
2023,0505,Import,48388061.45
2023,0506,Import,6648896.067
2023,0601,Export,35189345.706
2023,0601,Import,40965754.085
2023,0602,Export,937809.2829999999
2023,0602,Import,5071022
2023,0701,Export,366024.904
2023,0701,Import,1849178.006
2023,0703,Export,12712
2023,0703,Import,30656
2023,0801,Export,444174
2023,0801,Import,3199647
2023,0901,Export,51735434.382999994
2023,0901,Import,114473301.661
2023,0902,Export,615.484
2023,0902,Import,6531096.626
2023,1001,Export,179251.358
2023,1001,Import,283674
2023,1002,Export,37801.393000000004
2023,1002,Import,116795.485
2023,3001,Export,59859.07
2023,3001,Import,455111
