unu,year,value,variable,unit
0101,2000,9937.52289,inflow,mass
0102,2000,43487.441159999995,inflow,mass
0103,2000,351340.32297000004,inflow,mass
0104,2000,116878.70442,inflow,mass
0105,2000,1619.6903399999999,inflow,mass
0106,2000,69785.16324000001,inflow,mass
0108,2000,65839.48272,inflow,mass
0109,2000,30928.69845,inflow,mass
0111,2000,493.8966,inflow,mass
0113,2000,492.552,inflow,mass
0114,2000,54266.073150000004,inflow,mass
0201,2000,82010.29947,inflow,mass
0202,2000,34615.62269999999,inflow,mass
0203,2000,4218.992,inflow,mass
0204,2000,36341.59104,inflow,mass
0205,2000,9833.1915,inflow,mass
0301,2000,34470.09108,inflow,mass
0302,2000,-7755.757169999999,inflow,mass
0303,2000,11243.23761,inflow,mass
0304,2000,4130.43564,inflow,mass
0305,2000,3407.9786999999997,inflow,mass
0306,2000,-22.49874,inflow,mass
0307,2000,56821.4,inflow,mass
0308,2000,12148.80498,inflow,mass
0309,2000,17370.01834,inflow,mass
0401,2000,-561.5738699999999,inflow,mass
0402,2000,8704.02995,inflow,mass
0403,2000,71819.04509,inflow,mass
0404,2000,9514.9957,inflow,mass
0405,2000,35460.71925,inflow,mass
0406,2000,7958.8155,inflow,mass
0407,2000,5289.93458,inflow,mass
0408,2000,93580.34839999999,inflow,mass
0501,2000,192.98169000000001,inflow,mass
0502,2000,4866.305342000001,inflow,mass
0503,2000,478.62915,inflow,mass
0504,2000,1588.596152,inflow,mass
0601,2000,61305.8944,inflow,mass
0602,2000,119480.73900000002,inflow,mass
0801,2000,52.58988,inflow,mass
0802,2000,815.2064,inflow,mass
0901,2000,21647.53272,inflow,mass
0902,2000,7022.52806,inflow,mass
1001,2000,28262.608,inflow,mass
1002,2000,2252.3812799999996,inflow,mass
0112,2000,8815.626697200003,inflow,mass
0701,2000,26322.896699999998,inflow,mass
0703,2000,84.8287,inflow,mass
0505,2000,5917.195963477999,inflow,mass
0310,2000,NA,inflow,mass
3001,2000,NA,inflow,mass
0101,2001,13125.04669,inflow,mass
0102,2001,55531.378979999994,inflow,mass
0103,2001,351340.32297000004,inflow,mass
0104,2001,130256.07433999999,inflow,mass
0105,2001,4675.377560000001,inflow,mass
0106,2001,69785.16324000001,inflow,mass
0108,2001,77187.75072,inflow,mass
0109,2001,34570.26872,inflow,mass
0111,2001,4156.2555,inflow,mass
0113,2001,12469.824,inflow,mass
0114,2001,55666.680199999995,inflow,mass
0201,2001,80750.59898,inflow,mass
0202,2001,34615.62269999999,inflow,mass
0203,2001,6786.14755,inflow,mass
0204,2001,36834.597120000006,inflow,mass
0205,2001,10331.04875,inflow,mass
0301,2001,33865.35264,inflow,mass
0302,2001,-10129.74784,inflow,mass
0303,2001,9164.03751,inflow,mass
0304,2001,8074.99334,inflow,mass
0305,2001,4449.28046,inflow,mass
0306,2001,-20.453400000000002,inflow,mass
0307,2001,51480.68,inflow,mass
0308,2001,12534.135119999999,inflow,mass
0309,2001,17471.39977,inflow,mass
0401,2001,6841.33398,inflow,mass
0402,2001,7534.416450000001,inflow,mass
0403,2001,73314.684,inflow,mass
0404,2001,19624.352199999998,inflow,mass
0405,2001,31387.848587999997,inflow,mass
0406,2001,7455.093,inflow,mass
0407,2001,9957.919280000002,inflow,mass
0408,2001,99174.82575,inflow,mass
0501,2001,369.12095999999997,inflow,mass
0502,2001,4458.850834,inflow,mass
0503,2001,478.62915,inflow,mass
0504,2001,2232.7189040000003,inflow,mass
0601,2001,61305.8944,inflow,mass
0602,2001,119480.73900000002,inflow,mass
0801,2001,413.25498,inflow,mass
0802,2001,19794.9008,inflow,mass
0901,2001,21647.53272,inflow,mass
0902,2001,7022.52806,inflow,mass
1001,2001,19104.118,inflow,mass
1002,2001,2252.3812799999996,inflow,mass
0112,2001,8815.626697200003,inflow,mass
0701,2001,26322.896699999998,inflow,mass
0703,2001,84.8287,inflow,mass
0505,2001,5917.195963477999,inflow,mass
0310,2001,NA,inflow,mass
3001,2001,NA,inflow,mass
0101,2002,2715.50112,inflow,mass
0102,2002,53205.053,inflow,mass
0103,2002,351340.32297000004,inflow,mass
0104,2002,130060.51552,inflow,mass
0105,2002,3790.68516,inflow,mass
0106,2002,69785.16324000001,inflow,mass
0108,2002,83249.572455,inflow,mass
0109,2002,33352.21079999999,inflow,mass
0111,2002,-164.5788,inflow,mass
0113,2002,18747.144,inflow,mass
0114,2002,57067.287249999994,inflow,mass
0201,2002,103030.03884,inflow,mass
0202,2002,46602.055799999995,inflow,mass
0203,2002,9353.3031,inflow,mass
0204,2002,37327.6032,inflow,mass
0205,2002,10160.333700000001,inflow,mass
0301,2002,25773.858180000003,inflow,mass
0302,2002,-12448.27805,inflow,mass
0303,2002,7176.87812,inflow,mass
0304,2002,5913.76174,inflow,mass
0305,2002,5468.85834,inflow,mass
0306,2002,-20.453400000000002,inflow,mass
0307,2002,63515.48,inflow,mass
0308,2002,12919.465259999999,inflow,mass
0309,2002,17606.57501,inflow,mass
0401,2002,-3994.60152,inflow,mass
0402,2002,9166.50208,inflow,mass
0403,2002,63885.3591,inflow,mass
0404,2002,22730.3131,inflow,mass
0405,2002,27462.153342,inflow,mass
0406,2002,6951.370499999999,inflow,mass
0407,2002,13608.93489,inflow,mass
0408,2002,104769.3031,inflow,mass
0501,2002,842.35923,inflow,mass
0502,2002,5208.9766979999995,inflow,mass
0503,2002,478.62915,inflow,mass
0504,2002,1832.3717359999998,inflow,mass
0601,2002,92522.39714999999,inflow,mass
0602,2002,40515.015660000005,inflow,mass
0801,2002,183.91482000000002,inflow,mass
0802,2002,5750.82528,inflow,mass
0901,2002,21647.53272,inflow,mass
0902,2002,15997.5136,inflow,mass
1001,2002,9945.628,inflow,mass
1002,2002,-4696.11906,inflow,mass
0112,2002,8815.626697200003,inflow,mass
0701,2002,26322.896699999998,inflow,mass
0703,2002,84.8287,inflow,mass
0505,2002,5917.195963477999,inflow,mass
0310,2002,NA,inflow,mass
3001,2002,NA,inflow,mass
0101,2003,3604.46886,inflow,mass
0102,2003,41392.38576,inflow,mass
0103,2003,367118.1250100001,inflow,mass
0104,2003,115766.5608,inflow,mass
0105,2003,-750.07296,inflow,mass
0106,2003,69785.16324000001,inflow,mass
0108,2003,89473.78464,inflow,mass
0109,2003,28915.63648,inflow,mass
0111,2003,2806.7306999999996,inflow,mass
0113,2003,14203.944,inflow,mass
0114,2003,58467.89430000001,inflow,mass
0201,2003,88838.75219999999,inflow,mass
0202,2003,58046.664899999996,inflow,mass
0203,2003,9772.280566666666,inflow,mass
0204,2003,47879.439119999995,inflow,mass
0205,2003,12109.98855,inflow,mass
0301,2003,18192.1428,inflow,mass
0302,2003,18054.34506,inflow,mass
0303,2003,8400.461019999999,inflow,mass
0304,2003,5051.949560000001,inflow,mass
0305,2003,7278.99795,inflow,mass
0306,2003,-20.453400000000002,inflow,mass
0307,2003,50213.56,inflow,mass
0308,2003,13304.7954,inflow,mass
0309,2003,17741.75025,inflow,mass
0401,2003,-3258.81543,inflow,mass
0402,2003,8651.627869999998,inflow,mass
0403,2003,73970.84444,inflow,mass
0404,2003,12287.2362,inflow,mass
0405,2003,23683.633511999997,inflow,mass
0406,2003,6447.648,inflow,mass
0407,2003,17402.3529,inflow,mass
0408,2003,110363.78045,inflow,mass
0501,2003,382.79997,inflow,mass
0502,2003,5010.441691,inflow,mass
0503,2003,583.6144499999999,inflow,mass
0504,2003,1900.578264,inflow,mass
0601,2003,94536.71550666667,inflow,mass
0602,2003,27966.027810000003,inflow,mass
0801,2003,171.37241999999998,inflow,mass
0802,2003,17806.09216,inflow,mass
0901,2003,21647.53272,inflow,mass
0902,2003,23281.0173,inflow,mass
1001,2003,24121.02,inflow,mass
1002,2003,-4140.86244,inflow,mass
0112,2003,8815.626697200003,inflow,mass
0701,2003,20069.176050000002,inflow,mass
0703,2003,84.8287,inflow,mass
0505,2003,5917.195963477999,inflow,mass
0310,2003,NA,inflow,mass
3001,2003,NA,inflow,mass
0101,2004,11752.21832,inflow,mass
0102,2004,50063.09893,inflow,mass
0103,2004,349821.09708000004,inflow,mass
0104,2004,98166.34674000001,inflow,mass
0105,2004,1022.3305300000001,inflow,mass
0106,2004,84694.81926,inflow,mass
0108,2004,153295.7023,inflow,mass
0109,2004,33709.92735,inflow,mass
0111,2004,5778.0402,inflow,mass
0113,2004,29805.264,inflow,mass
0114,2004,59838.701199999996,inflow,mass
0201,2004,81569.04448000001,inflow,mass
0202,2004,50659.5427,inflow,mass
0203,2004,10191.258033333334,inflow,mass
0204,2004,61009.56175,inflow,mass
0205,2004,12529.60445,inflow,mass
0301,2004,18124.377,inflow,mass
0302,2004,37245.784159999996,inflow,mass
0303,2004,10513.866,inflow,mass
0304,2004,5769.627780000001,inflow,mass
0305,2004,6057.851537095373,inflow,mass
0306,2004,216.07945,inflow,mass
0307,2004,48985.28,inflow,mass
0308,2004,13682.855160000001,inflow,mass
0309,2004,17843.13168,inflow,mass
0401,2004,3957.41658,inflow,mass
0402,2004,8756.1858,inflow,mass
0403,2004,64661.47381333334,inflow,mass
0404,2004,51913.4278,inflow,mass
0405,2004,19972.3995,inflow,mass
0406,2004,7930.25018,inflow,mass
0407,2004,14981.48456,inflow,mass
0408,2004,115958.25779999999,inflow,mass
0501,2004,290.66848714285715,inflow,mass
0502,2004,4811.906684,inflow,mass
0503,2004,649.09965,inflow,mass
0504,2004,2392.6143279999997,inflow,mass
0601,2004,96532.31613666666,inflow,mass
0602,2004,33226.579365000005,inflow,mass
0801,2004,74.6784,inflow,mass
0802,2004,3410.92816,inflow,mass
0901,2004,21647.53272,inflow,mass
0902,2004,18634.40675,inflow,mass
1001,2004,21978.132,inflow,mass
1002,2004,-3585.6058199999998,inflow,mass
0112,2004,8815.626697200003,inflow,mass
0701,2004,13815.4554,inflow,mass
0703,2004,84.8287,inflow,mass
0505,2004,5917.195963477999,inflow,mass
0310,2004,NA,inflow,mass
3001,2004,NA,inflow,mass
0101,2005,15204.16454,inflow,mass
0102,2005,58564.11776,inflow,mass
0103,2005,317151.67757,inflow,mass
0104,2005,53551.49940000001,inflow,mass
0105,2005,4145.48952,inflow,mass
0106,2005,85439.47472,inflow,mass
0108,2005,85403.97340999999,inflow,mass
0109,2005,36778.895702300164,inflow,mass
0111,2005,7013.0487,inflow,mass
0113,2005,77672.304,inflow,mass
0114,2005,69363.62745,inflow,mass
0201,2005,83531.72630000001,inflow,mass
0202,2005,52594.836299999995,inflow,mass
0203,2005,10610.2355,inflow,mass
0204,2005,56880.817919999994,inflow,mass
0205,2005,13050.919566666667,inflow,mass
0301,2005,16722.09024,inflow,mass
0302,2005,97207.49748,inflow,mass
0303,2005,17883.96936,inflow,mass
0304,2005,5374.082340000001,inflow,mass
0305,2005,5010.546605051054,inflow,mass
0306,2005,452.61230000000006,inflow,mass
0307,2005,69638.42,inflow,mass
0308,2005,14068.185300000001,inflow,mass
0309,2005,17978.306920000003,inflow,mass
0401,2005,5164.1760300000005,inflow,mass
0402,2005,7114.54042,inflow,mass
0403,2005,55486.31506666667,inflow,mass
0404,2005,44666.9658,inflow,mass
0405,2005,16500.49512,inflow,mass
0406,2005,6953.422320000001,inflow,mass
0407,2005,16484.04309,inflow,mass
0408,2005,121494.46012142856,inflow,mass
0501,2005,198.5370042857143,inflow,mass
0502,2005,6189.153244,inflow,mass
0503,2005,445.55129999999997,inflow,mass
0504,2005,1885.4574959999998,inflow,mass
0601,2005,98509.19904,inflow,mass
0602,2005,38487.13092,inflow,mass
0801,2005,123.97067999999999,inflow,mass
0802,2005,3017.4033600000002,inflow,mass
0901,2005,-5004.48072,inflow,mass
0902,2005,13987.796199999999,inflow,mass
1001,2005,20628.553,inflow,mass
1002,2005,-9.590879999999999,inflow,mass
0112,2005,8815.626697200003,inflow,mass
0701,2005,41592.38625,inflow,mass
0703,2005,84.8287,inflow,mass
0505,2005,5917.195963477999,inflow,mass
0310,2005,NA,inflow,mass
3001,2005,NA,inflow,mass
0101,2006,25757.13622,inflow,mass
0102,2006,63108.94596,inflow,mass
0103,2006,306903.36677,inflow,mass
0104,2006,109726.48713,inflow,mass
0105,2006,406.97346000000005,inflow,mass
0106,2006,110952.25530000002,inflow,mass
0108,2006,139334.54450999998,inflow,mass
0109,2006,39844.33154022177,inflow,mass
0111,2006,11188.528199999999,inflow,mass
0113,2006,34102.008,inflow,mass
0114,2006,80082.79476,inflow,mass
0201,2006,66813.245485,inflow,mass
0202,2006,69009.579,inflow,mass
0203,2006,9385.647299999999,inflow,mass
0204,2006,58967.627094999996,inflow,mass
0205,2006,13572.234683333334,inflow,mass
0301,2006,15710.51234,inflow,mass
0302,2006,71359.71088500001,inflow,mass
0303,2006,15747.313400000001,inflow,mass
0304,2006,6916.175029999999,inflow,mass
0305,2006,3949.730227012276,inflow,mass
0306,2006,1595.88774,inflow,mass
0307,2006,90291.56,inflow,mass
0308,2006,14453.51544,inflow,mass
0309,2006,22070.3122,inflow,mass
0401,2006,6555.19917,inflow,mass
0402,2006,6313.236930000001,inflow,mass
0403,2006,46445.368200000004,inflow,mass
0404,2006,42507.2981,inflow,mass
0405,2006,20230.661640000002,inflow,mass
0406,2006,6033.0338600000005,inflow,mass
0407,2006,9728.856,inflow,mass
0408,2006,127025.2982142857,inflow,mass
0501,2006,106.40552142857146,inflow,mass
0502,2006,8874.100349999999,inflow,mass
0503,2006,269.59709999999995,inflow,mass
0504,2006,1812.441176,inflow,mass
0601,2006,117482.46048000001,inflow,mass
0602,2006,54668.61869,inflow,mass
0801,2006,207.081,inflow,mass
0802,2006,2845.7809600000005,inflow,mass
0901,2006,28773.839279999997,inflow,mass
0902,2006,13420.86128,inflow,mass
1001,2006,19278.974,inflow,mass
1002,2006,4648.16466,inflow,mass
0112,2006,8815.626697200003,inflow,mass
0701,2006,45293.5008,inflow,mass
0703,2006,84.8287,inflow,mass
0505,2006,5917.195963477999,inflow,mass
0310,2006,NA,inflow,mass
3001,2006,NA,inflow,mass
0101,2007,29590.638260000003,inflow,mass
0102,2007,49738.85189,inflow,mass
0103,2007,293511.20344,inflow,mass
0104,2007,130946.69685,inflow,mass
0105,2007,-9461.8768,inflow,mass
0106,2007,103461.81460000001,inflow,mass
0108,2007,132600.88056000002,inflow,mass
0109,2007,42923.67873157557,inflow,mass
0111,2007,9733.218,inflow,mass
0113,2007,45867.168,inflow,mass
0114,2007,93484.7235,inflow,mass
0201,2007,51393.9699,inflow,mass
0202,2007,68082.64540449793,inflow,mass
0203,2007,6181.812,inflow,mass
0204,2007,61088.6347,inflow,mass
0205,2007,14093.5498,inflow,mass
0301,2007,11805.404849999999,inflow,mass
0302,2007,46101.9468,inflow,mass
0303,2007,15341.084859999999,inflow,mass
0304,2007,75430.1952,inflow,mass
0305,2007,2976.3665952639594,inflow,mass
0306,2007,3483.3368699999996,inflow,mass
0307,2007,43425.6,inflow,mass
0308,2007,14838.84558,inflow,mass
0309,2007,26255.78417,inflow,mass
0401,2007,6223.912626984,inflow,mass
0402,2007,10052.53184,inflow,mass
0403,2007,37538.633213333334,inflow,mass
0404,2007,39223.64046006717,inflow,mass
0405,2007,23752.29456,inflow,mass
0406,2007,7382.900799999999,inflow,mass
0407,2007,-202.12776000000002,inflow,mass
0408,2007,132550.7720785714,inflow,mass
0501,2007,14.274038571428576,inflow,mass
0502,2007,8331.609457999999,inflow,mass
0503,2007,239.35634999999996,inflow,mass
0504,2007,1392.715584,inflow,mass
0601,2007,105588.31432499998,inflow,mass
0602,2007,118572.31281,inflow,mass
0801,2007,289.54656,inflow,mass
0802,2007,-1021.2873600000001,inflow,mass
0901,2007,18633.29064,inflow,mass
0902,2007,19453.630794999997,inflow,mass
1001,2007,17929.395,inflow,mass
1002,2007,5280.28665,inflow,mass
0112,2007,8815.626697200003,inflow,mass
0701,2007,42905.74444722,inflow,mass
0703,2007,84.8287,inflow,mass
0505,2007,5917.195963477999,inflow,mass
0310,2007,NA,inflow,mass
3001,2007,NA,inflow,mass
0101,2008,16285.53012,inflow,mass
0102,2008,45244.54751999999,inflow,mass
0103,2008,322595.28119,inflow,mass
0104,2008,337738.62464,inflow,mass
0105,2008,-7334.046369999999,inflow,mass
0106,2008,130792.4465422791,inflow,mass
0108,2008,125676.09842666665,inflow,mass
0109,2008,45998.10956334367,inflow,mass
0111,2008,12910.9185,inflow,mass
0113,2008,57632.328,inflow,mass
0114,2008,117111.36240000001,inflow,mass
0201,2008,68969.98083349661,inflow,mass
0202,2008,67155.7118089959,inflow,mass
0203,2008,10809.6234,inflow,mass
0204,2008,64790.65228684408,inflow,mass
0205,2008,13262.749500000002,inflow,mass
0301,2008,9298.71259,inflow,mass
0302,2008,46262.11747,inflow,mass
0303,2008,24690.4866,inflow,mass
0304,2008,71835.20784,inflow,mass
0305,2008,2133.118071230721,inflow,mass
0306,2008,3156.69159,inflow,mass
0307,2008,58464.64,inflow,mass
0308,2008,6515.9026970551895,inflow,mass
0309,2008,34958.700087786165,inflow,mass
0401,2008,5892.626083968001,inflow,mass
0402,2008,10148.929872365987,inflow,mass
0403,2008,28766.110106666667,inflow,mass
0404,2008,35939.98282013434,inflow,mass
0405,2008,19785.12648307864,inflow,mass
0406,2008,4779.88953,inflow,mass
0407,2008,1082.7570808277412,inflow,mass
0408,2008,138070.88171428573,inflow,mass
0501,2008,-77.8574442857143,inflow,mass
0502,2008,9109.819530666664,inflow,mass
0503,2008,539.5819246817861,inflow,mass
0504,2008,1645.724288,inflow,mass
0601,2008,93785.2275,inflow,mass
0602,2008,91555.72894285126,inflow,mass
0801,2008,449.32806,inflow,mass
0802,2008,-1021.2873600000001,inflow,mass
0901,2008,51320.51966816909,inflow,mass
0902,2008,25486.400309999997,inflow,mass
1001,2008,16579.816,inflow,mass
1002,2008,5912.40864,inflow,mass
0112,2008,8815.626697200003,inflow,mass
0701,2008,40517.98809444,inflow,mass
0703,2008,84.8287,inflow,mass
0505,2008,5917.195963477999,inflow,mass
0310,2008,NA,inflow,mass
3001,2008,NA,inflow,mass
0101,2009,2980.42198,inflow,mass
0102,2009,40828.42704,inflow,mass
0103,2009,269592.3687890802,inflow,mass
0104,2009,348117.62209,inflow,mass
0105,2009,-9176.22531,inflow,mass
0106,2009,127057.87128,inflow,mass
0108,2009,118494.79716000002,inflow,mass
0109,2009,30966.528411814408,inflow,mass
0111,2009,8637.6369,inflow,mass
0113,2009,69397.488,inflow,mass
0114,2009,114503.21047800021,inflow,mass
0201,2009,66998.74188,inflow,mass
0202,2009,66228.77821349386,inflow,mass
0203,2009,12125.8484,inflow,mass
0204,2009,63321.35226608816,inflow,mass
0205,2009,9400.12820619131,inflow,mass
0301,2009,9052.72333,inflow,mass
0302,2009,36884.047920000005,inflow,mass
0303,2009,25064.669970000003,inflow,mass
0304,2009,72897.90984000001,inflow,mass
0305,2009,2552.449347083341,inflow,mass
0306,2009,3749.30928,inflow,mass
0307,2009,26864.72,inflow,mass
0308,2009,11748.831647966981,inflow,mass
0309,2009,35254.102517205945,inflow,mass
0401,2009,5561.339540952001,inflow,mass
0402,2009,4964.9622906528375,inflow,mass
0403,2009,20127.79888,inflow,mass
0404,2009,32656.32518020151,inflow,mass
0405,2009,21969.997621649545,inflow,mass
0406,2009,4106.71669,inflow,mass
0407,2009,2415.06558043052,inflow,mass
0408,2009,143585.62712142858,inflow,mass
0501,2009,-169.98892714285708,inflow,mass
0502,2009,9888.029603333332,inflow,mass
0503,2009,839.8074993635723,inflow,mass
0504,2009,1198.0776343343198,inflow,mass
0601,2009,49065.13377,inflow,mass
0602,2009,103966.57040000001,inflow,mass
0801,2009,252.14058,inflow,mass
0802,2009,-1021.2873600000001,inflow,mass
0901,2009,22562.17584,inflow,mass
0902,2009,17653.01514,inflow,mass
1001,2009,-11165.924,inflow,mass
1002,2009,6303.6981,inflow,mass
0112,2009,8815.626697200003,inflow,mass
0701,2009,38130.23174166,inflow,mass
0703,2009,84.8287,inflow,mass
0505,2009,5917.195963477999,inflow,mass
0310,2009,NA,inflow,mass
3001,2009,NA,inflow,mass
0101,2010,8589.54509483331,inflow,mass
0102,2010,45504.8793,inflow,mass
0103,2010,324835.7274996629,inflow,mass
0104,2010,331862.9701644079,inflow,mass
0105,2010,-11063.2478,inflow,mass
0106,2010,151725.55004000003,inflow,mass
0108,2010,134789.53525,inflow,mass
0109,2010,30807.80676004192,inflow,mass
0111,2010,6125.133919109697,inflow,mass
0113,2010,32789.376,inflow,mass
0114,2010,112409.86309029991,inflow,mass
0201,2010,75406.01706,inflow,mass
0202,2010,65301.8446179918,inflow,mass
0203,2010,10989.718,inflow,mass
0204,2010,61902.757795912825,inflow,mass
0205,2010,12715.867726305718,inflow,mass
0301,2010,9013.8852,inflow,mass
0302,2010,43373.80654,inflow,mass
0303,2010,29005.20924,inflow,mass
0304,2010,73927.7844,inflow,mass
0305,2010,3482.7149404641646,inflow,mass
0306,2010,4341.9269699999995,inflow,mass
0307,2010,34828.16,inflow,mass
0308,2010,17231.974353151774,inflow,mass
0309,2010,35550.053,inflow,mass
0401,2010,5230.052997936,inflow,mass
0402,2010,7455.34167,inflow,mass
0403,2010,62646.97594304578,inflow,mass
0404,2010,47653.92207264101,inflow,mass
0405,2010,16383.799340000001,inflow,mass
0406,2010,3451.2987,inflow,mass
0407,2010,3794.8620288083393,inflow,mass
0408,2010,149095.0083,inflow,mass
0501,2010,-262.12041,inflow,mass
0502,2010,10666.239676,inflow,mass
0503,2010,758.6848870226792,inflow,mass
0504,2010,1548.742416,inflow,mass
0601,2010,78644.45382000001,inflow,mass
0602,2010,103315.02958009628,inflow,mass
0801,2010,317.24874,inflow,mass
0802,2010,-1021.2873600000001,inflow,mass
0901,2010,6974.3661600000005,inflow,mass
0902,2010,27940.26228,inflow,mass
1001,2010,3398.78,inflow,mass
1002,2010,7222.6704,inflow,mass
0112,2010,8815.626697200003,inflow,mass
0701,2010,35742.47538888,inflow,mass
0703,2010,84.8287,inflow,mass
0505,2010,5917.195963477999,inflow,mass
0310,2010,NA,inflow,mass
3001,2010,NA,inflow,mass
0101,2011,-6255.187271552783,inflow,mass
0102,2011,47908.2025,inflow,mass
0103,2011,287145.07326460193,inflow,mass
0104,2011,354246.3384912188,inflow,mass
0105,2011,-10607.034239999999,inflow,mass
0106,2011,173300.34528,inflow,mass
0108,2011,129112.66858,inflow,mass
0109,2011,30233.530939931206,inflow,mass
0111,2011,7558.2092999999995,inflow,mass
0113,2011,21082.088399999997,inflow,mass
0114,2011,108085.15772132522,inflow,mass
0201,2011,68820.14106000001,inflow,mass
0202,2011,64374.91102248976,inflow,mass
0203,2011,12288.0641,inflow,mass
0204,2011,60779.46682444425,inflow,mass
0205,2011,13743.209489948422,inflow,mass
0301,2011,21373.81854724409,inflow,mass
0302,2011,44927.34899300331,inflow,mass
0303,2011,27309.39201,inflow,mass
0304,2011,75000.83220548616,inflow,mass
0305,2011,4521.595399678323,inflow,mass
0306,2011,3395.15775,inflow,mass
0307,2011,59030.16,inflow,mass
0308,2011,20421.469563260616,inflow,mass
0309,2011,31856.803,inflow,mass
0401,2011,4898.766454920001,inflow,mass
0402,2011,5153.96029,inflow,mass
0403,2011,43927.8832643185,inflow,mass
0404,2011,49080.7339,inflow,mass
0405,2011,15586.814120000001,inflow,mass
0406,2011,3144.0178899999996,inflow,mass
0407,2011,1176.1817128331427,inflow,mass
0408,2011,141926.974,inflow,mass
0501,2011,-178.89430585628733,inflow,mass
0502,2011,8710.73684,inflow,mass
0503,2011,677.5622746817862,inflow,mass
0504,2011,1754.42644,inflow,mass
0601,2011,71082.29403162493,inflow,mass
0602,2011,130812.6363483684,inflow,mass
0801,2011,478.96469999999994,inflow,mass
0802,2011,-1021.2873600000001,inflow,mass
0901,2011,8126.461390875877,inflow,mass
0902,2011,24888.88489,inflow,mass
1001,2011,-4881.448,inflow,mass
1002,2011,4564.52112,inflow,mass
0112,2011,8815.626697200003,inflow,mass
0701,2011,33354.7190361,inflow,mass
0703,2011,-1377.32771,inflow,mass
0505,2011,5917.195963477999,inflow,mass
0310,2011,NA,inflow,mass
3001,2011,NA,inflow,mass
0101,2012,17733.151352821744,inflow,mass
0102,2012,46882.9451,inflow,mass
0103,2012,248193.96964933368,inflow,mass
0104,2012,275338.76720538654,inflow,mass
0105,2012,1466.9919,inflow,mass
0106,2012,108259.51141660496,inflow,mass
0108,2012,135357.98469,inflow,mass
0109,2012,28278.317093080474,inflow,mass
0111,2012,7211.33625,inflow,mass
0113,2012,29473.1883,inflow,mass
0114,2012,82416.70921718964,inflow,mass
0201,2012,52259.57946,inflow,mass
0202,2012,46541.36360367605,inflow,mass
0203,2012,12764.912400000001,inflow,mass
0204,2012,43823.01190369805,inflow,mass
0205,2012,8689.533494667083,inflow,mass
0301,2012,21712.946039747283,inflow,mass
0302,2012,48412.83325727778,inflow,mass
0303,2012,36804.75737235294,inflow,mass
0304,2012,56625.54072,inflow,mass
0305,2012,3481.964385548262,inflow,mass
0306,2012,3017.47329,inflow,mass
0307,2012,39886.6,inflow,mass
0308,2012,21494.304660485133,inflow,mass
0309,2012,26062.982,inflow,mass
0401,2012,4567.479911904001,inflow,mass
0402,2012,3206.76741,inflow,mass
0403,2012,25864.53659621909,inflow,mass
0404,2012,32376.5988,inflow,mass
0405,2012,14154.08198,inflow,mass
0406,2012,2645.0805749999995,inflow,mass
0407,2012,4212.72500706662,inflow,mass
0408,2012,108862.947,inflow,mass
0501,2012,-95.66820171257464,inflow,mass
0502,2012,6155.417754,inflow,mass
0503,2012,596.439662340893,inflow,mass
0504,2012,1960.1104639999999,inflow,mass
0601,2012,55840.62380642974,inflow,mass
0602,2012,170359.31785222603,inflow,mass
0801,2012,341.23265999999995,inflow,mass
0802,2012,-1021.2873600000001,inflow,mass
0901,2012,12276.73848,inflow,mass
0902,2012,26904.54207,inflow,mass
1001,2012,-1601.424,inflow,mass
1002,2012,9856.19694,inflow,mass
0112,2012,8815.626697200003,inflow,mass
0701,2012,30966.962683320002,inflow,mass
0703,2012,214.93131,inflow,mass
0505,2012,5917.195963477999,inflow,mass
0310,2012,NA,inflow,mass
3001,2012,NA,inflow,mass
0101,2013,5699.610720372219,inflow,mass
0102,2013,55664.4016,inflow,mass
0103,2013,283788.60602181655,inflow,mass
0104,2013,403148.1338204955,inflow,mass
0105,2013,-12745.426099999999,inflow,mass
0106,2013,144368.14230507807,inflow,mass
0108,2013,134594.51825999998,inflow,mass
0109,2013,33253.03072,inflow,mass
0111,2013,6864.4632,inflow,mass
0113,2013,34097.519,inflow,mass
0114,2013,89676.8816385709,inflow,mass
0201,2013,64561.46301,inflow,mass
0202,2013,42605.24486381543,inflow,mass
0203,2013,16103.281600000002,inflow,mass
0204,2013,45336.46845055121,inflow,mass
0205,2013,11536.755185374699,inflow,mass
0301,2013,19330.09753632321,inflow,mass
0302,2013,53616.46494,inflow,mass
0303,2013,30374.669247058824,inflow,mass
0304,2013,66339.24750120711,inflow,mass
0305,2013,1404.435431899072,inflow,mass
0306,2013,3157.77726,inflow,mass
0307,2013,39528.64,inflow,mass
0308,2013,20603.390886519977,inflow,mass
0309,2013,26425.806,inflow,mass
0401,2013,4236.193368888,inflow,mass
0402,2013,2786.92656,inflow,mass
0403,2013,20670.702405693803,inflow,mass
0404,2013,34374.385310075755,inflow,mass
0405,2013,20326.719380000002,inflow,mass
0406,2013,2146.14326,inflow,mass
0407,2013,7249.268301300096,inflow,mass
0408,2013,64635.74,inflow,mass
0501,2013,-12.442097568861962,inflow,mass
0502,2013,6573.793551999999,inflow,mass
0503,2013,515.31705,inflow,mass
0504,2013,2534.411256,inflow,mass
0601,2013,80755.55872633477,inflow,mass
0602,2013,166409.87244460807,inflow,mass
0801,2013,389.97252,inflow,mass
0802,2013,-1021.2873600000001,inflow,mass
0901,2013,11726.66136,inflow,mass
0902,2013,22308.93759,inflow,mass
1001,2013,4833.444,inflow,mass
1002,2013,6068.44488,inflow,mass
0112,2013,8815.626697200003,inflow,mass
0701,2013,28579.206330539997,inflow,mass
0703,2013,867.55218,inflow,mass
0505,2013,5917.195963477999,inflow,mass
0310,2013,NA,inflow,mass
3001,2013,NA,inflow,mass
0101,2014,-711.7812103219437,inflow,mass
0102,2014,57772.2889,inflow,mass
0103,2014,307058.121429599,inflow,mass
0104,2014,378282.764191322,inflow,mass
0105,2014,-6736.43784,inflow,mass
0106,2014,122436.29391469459,inflow,mass
0108,2014,156052.91356000002,inflow,mass
0109,2014,38024.26773626372,inflow,mass
0111,2014,9925.5381,inflow,mass
0113,2014,29525.4045,inflow,mass
0114,2014,89702.5518,inflow,mass
0201,2014,70975.67598,inflow,mass
0202,2014,39840.042,inflow,mass
0203,2014,17117.724,inflow,mass
0204,2014,50426.26693138352,inflow,mass
0205,2014,12217.186492554045,inflow,mass
0301,2014,17466.594997098036,inflow,mass
0302,2014,39591.70219392465,inflow,mass
0303,2014,25439.206729411762,inflow,mass
0304,2014,72619.33223999999,inflow,mass
0305,2014,1707.9823527747947,inflow,mass
0306,2014,2901.1354498116175,inflow,mass
0307,2014,46943.68,inflow,mass
0308,2014,21027.123203165855,inflow,mass
0309,2014,32103.7035,inflow,mass
0401,2014,3904.9068258720004,inflow,mass
0402,2014,2527.4648120664647,inflow,mass
0403,2014,25870.681867977353,inflow,mass
0404,2014,22487.8314,inflow,mass
0405,2014,22984.9803,inflow,mass
0406,2014,2752.2853099999998,inflow,mass
0407,2014,16583.499600000003,inflow,mass
0408,2014,70057.70039999999,inflow,mass
0501,2014,70.7840065748507,inflow,mass
0502,2014,4754.385869119043,inflow,mass
0503,2014,1073.7812182010218,inflow,mass
0504,2014,2141.7721929569166,inflow,mass
0601,2014,105082.27872,inflow,mass
0602,2014,123518.7440610563,inflow,mass
0801,2014,688.01274,inflow,mass
0802,2014,-1021.2873600000001,inflow,mass
0901,2014,26812.91592,inflow,mass
0902,2014,21260.263369999997,inflow,mass
1001,2014,7666.076,inflow,mass
1002,2014,1407.04665,inflow,mass
0112,2014,8815.626697200003,inflow,mass
0701,2014,26191.44997776,inflow,mass
0703,2014,-95.19614422907472,inflow,mass
0505,2014,5917.195963477999,inflow,mass
0310,2014,NA,inflow,mass
3001,2014,NA,inflow,mass
0101,2015,3716.675058454414,inflow,mass
0102,2015,61813.24864408912,inflow,mass
0103,2015,312591.9567941875,inflow,mass
0104,2015,347807.2404296497,inflow,mass
0105,2015,-1134.60248,inflow,mass
0106,2015,122597.84166,inflow,mass
0108,2015,160257.75071000002,inflow,mass
0109,2015,38136.43537823608,inflow,mass
0111,2015,9586.7418,inflow,mass
0113,2015,16944.415800000002,inflow,mass
0114,2015,84309.1896,inflow,mass
0201,2015,68010.43194,inflow,mass
0202,2015,45261.582,inflow,mass
0203,2015,17492.5845,inflow,mass
0204,2015,55799.37648577438,inflow,mass
0205,2015,14083.10035,inflow,mass
0301,2015,16282.475410956193,inflow,mass
0302,2015,21678.086587402755,inflow,mass
0303,2015,18744.35976529412,inflow,mass
0304,2015,62667.880079999995,inflow,mass
0305,2015,5462.497078697376,inflow,mass
0306,2015,2855.293457595356,inflow,mass
0307,2015,60765.12,inflow,mass
0308,2015,17514.882,inflow,mass
0309,2015,27157.8395,inflow,mass
0401,2015,3573.620282856001,inflow,mass
0402,2015,2797.110265928116,inflow,mass
0403,2015,22427.42163216361,inflow,mass
0404,2015,18556.621207898803,inflow,mass
0405,2015,20676.121460000002,inflow,mass
0406,2015,2661.6843799999997,inflow,mass
0407,2015,15267.684000000001,inflow,mass
0408,2015,70617.93539999999,inflow,mass
0501,2015,-435.8225754175607,inflow,mass
0502,2015,4729.30821285394,inflow,mass
0503,2015,408.80625,inflow,mass
0504,2015,1874.187536,inflow,mass
0601,2015,127126.24519547305,inflow,mass
0602,2015,140329.2021232758,inflow,mass
0801,2015,442.3986,inflow,mass
0802,2015,-1021.2873600000001,inflow,mass
0901,2015,20786.35224,inflow,mass
0902,2015,29657.71275,inflow,mass
1001,2015,6974.44,inflow,mass
1002,2015,-3254.35158,inflow,mass
0112,2015,8815.626697200003,inflow,mass
0701,2015,23803.693624980002,inflow,mass
0703,2015,2978.09908,inflow,mass
0505,2015,5917.195963477999,inflow,mass
0310,2015,NA,inflow,mass
3001,2015,NA,inflow,mass
0101,2016,-446.315914759199,inflow,mass
0102,2016,63755.75746217375,inflow,mass
0103,2016,335009.65216962737,inflow,mass
0104,2016,388197.17315425246,inflow,mass
0105,2016,9296.0065,inflow,mass
0106,2016,146270.64742000002,inflow,mass
0108,2016,168931.33631,inflow,mass
0109,2016,37655.28115966122,inflow,mass
0111,2016,5801.028899999999,inflow,mass
0113,2016,19616.7132,inflow,mass
0114,2016,88161.8856,inflow,mass
0201,2016,66905.17317,inflow,mass
0202,2016,43938.6234,inflow,mass
0203,2016,15789.267199999998,inflow,mass
0204,2016,57779.577419069195,inflow,mass
0205,2016,11011.67815,inflow,mass
0301,2016,17940.210710336225,inflow,mass
0302,2016,58850.50618,inflow,mass
0303,2016,29818.35259764706,inflow,mass
0304,2016,61698.20087187628,inflow,mass
0305,2016,4727.2388509448965,inflow,mass
0306,2016,2767.218005906537,inflow,mass
0307,2016,64475.27044,inflow,mass
0308,2016,14227.602815680439,inflow,mass
0309,2016,26636.368,inflow,mass
0401,2016,3242.3337398400004,inflow,mass
0402,2016,2104.8805449168985,inflow,mass
0403,2016,23714.883179705168,inflow,mass
0404,2016,21093.485018017513,inflow,mass
0405,2016,21789.79244,inflow,mass
0406,2016,2949.03842,inflow,mass
0407,2016,14090.1464,inflow,mass
0408,2016,67073.09879999999,inflow,mass
0501,2016,-381.71671703286563,inflow,mass
0502,2016,3177.8549639999997,inflow,mass
0503,2016,947.030501367573,inflow,mass
0504,2016,1515.124,inflow,mass
0601,2016,141337.96488267664,inflow,mass
0602,2016,124355.83148685007,inflow,mass
0801,2016,336.1572,inflow,mass
0802,2016,-1021.2873600000001,inflow,mass
0901,2016,25738.55376,inflow,mass
0902,2016,28751.51611,inflow,mass
1001,2016,13387,inflow,mass
1002,2016,935.3874599999999,inflow,mass
0112,2016,8815.626697200003,inflow,mass
0701,2016,21415.937272200004,inflow,mass
0703,2016,1777.3934199999999,inflow,mass
0505,2016,5917.195963477999,inflow,mass
0310,2016,NA,inflow,mass
3001,2016,NA,inflow,mass
0101,2017,6258.45542328658,inflow,mass
0102,2017,66150.8442259,inflow,mass
0103,2017,409527.1506251519,inflow,mass
0104,2017,329629.34400197974,inflow,mass
0105,2017,11575.773479819998,inflow,mass
0106,2017,148541.71330008,inflow,mass
0108,2017,171246.38520095,inflow,mass
0109,2017,37793.26389074791,inflow,mass
0111,2017,10116.5352951,inflow,mass
0113,2017,31133.377633999997,inflow,mass
0114,2017,81944.27190871196,inflow,mass
0201,2017,66581.33691428999,inflow,mass
0202,2017,34789.6174626,inflow,mass
0203,2017,17572.8282613,inflow,mass
0204,2017,52525.72484583105,inflow,mass
0205,2017,13381.42055195,inflow,mass
0301,2017,5978.06376179457,inflow,mass
0302,2017,99597.73763063569,inflow,mass
0303,2017,13134.13441065,inflow,mass
0304,2017,56392.81572096,inflow,mass
0305,2017,2312.135653250523,inflow,mass
0306,2017,2294.3479221562156,inflow,mass
0307,2017,68185.42088,inflow,mass
0308,2017,15164.428466,inflow,mass
0309,2017,29261.335091999994,inflow,mass
0401,2017,2911.047196824001,inflow,mass
0402,2017,1974.3253116325757,inflow,mass
0403,2017,25261.309283579456,inflow,mass
0404,2017,24749.905589616494,inflow,mass
0405,2017,22883.9081,inflow,mass
0406,2017,3038.4462899999994,inflow,mass
0407,2017,10139.811200000002,inflow,mass
0408,2017,62220.929077199995,inflow,mass
0501,2017,-327.61085864817056,inflow,mass
0502,2017,3177.8549639999997,inflow,mass
0503,2017,486.76214999999996,inflow,mass
0504,2017,1097.6380048400001,inflow,mass
0601,2017,85261.46539683,inflow,mass
0602,2017,154262.32965661003,inflow,mass
0801,2017,467.3850008753265,inflow,mass
0802,2017,-1021.2873600000001,inflow,mass
0901,2017,31477.10442504,inflow,mass
0902,2017,27943.180645071665,inflow,mass
1001,2017,2578.136,inflow,mass
1002,2017,4237.42996746,inflow,mass
0112,2017,8815.626697200003,inflow,mass
0701,2017,19028.180919420003,inflow,mass
0703,2017,2344.61073,inflow,mass
0505,2017,5917.195963477999,inflow,mass
0310,2017,NA,inflow,mass
3001,2017,NA,inflow,mass
0101,2018,16994.358158929514,inflow,mass
0102,2018,70624.6252533,inflow,mass
0103,2018,348474.6742978974,inflow,mass
0104,2018,256940.0473068,inflow,mass
0105,2018,8001.174525299997,inflow,mass
0106,2018,173933.74928226002,inflow,mass
0108,2018,159219.15348655,inflow,mass
0109,2018,34238.215421040004,inflow,mass
0111,2018,14432.0416902,inflow,mass
0113,2018,23451.0554256,inflow,mass
0114,2018,88158.0613,inflow,mass
0201,2018,54007.269100945305,inflow,mass
0202,2018,33982.1331993,inflow,mass
0203,2018,16973.925403698016,inflow,mass
0204,2018,51562.35123862999,inflow,mass
0205,2018,15384.310832000001,inflow,mass
0301,2018,16261.829019991972,inflow,mass
0302,2018,83485.31645169627,inflow,mass
0303,2018,14913.35327062,inflow,mass
0304,2018,56962.53919865697,inflow,mass
0305,2018,2443.48754085,inflow,mass
0306,2018,4451.105290005082,inflow,mass
0307,2018,71895.57131999999,inflow,mass
0308,2018,19990.146,inflow,mass
0309,2018,37688.860176,inflow,mass
0401,2018,2579.760653808,inflow,mass
0402,2018,1752.4678070520308,inflow,mass
0403,2018,21189.72461590503,inflow,mass
0404,2018,25292.60981781355,inflow,mass
0405,2018,21315.480700000004,inflow,mass
0406,2018,4157.85397326,inflow,mass
0407,2018,9324.7512,inflow,mass
0408,2018,67257.32600819999,inflow,mass
0501,2018,-273.50500026347544,inflow,mass
0502,2018,3177.8549639999997,inflow,mass
0503,2018,876.33795,inflow,mass
0504,2018,1919.053951048,inflow,mass
0601,2018,85349.24540694288,inflow,mass
0602,2018,164165.43084893,inflow,mass
0801,2018,598.612801750653,inflow,mass
0802,2018,-1021.2873600000001,inflow,mass
0901,2018,36232.70755463999,inflow,mass
0902,2018,27134.845180143333,inflow,mass
1001,2018,28.265247999999673,inflow,mass
1002,2018,4906.7661396,inflow,mass
0112,2018,8815.626697200003,inflow,mass
0701,2018,16640.424566640002,inflow,mass
0703,2018,1270.60724307,inflow,mass
0505,2018,5917.195963477999,inflow,mass
0310,2018,NA,inflow,mass
3001,2018,NA,inflow,mass
0101,2019,9442.610118301796,inflow,mass
0102,2019,69934.4947048812,inflow,mass
0103,2019,303820.22003201884,inflow,mass
0104,2019,240392.55887478002,inflow,mass
0105,2019,16819.4550326,inflow,mass
0106,2019,151051.4888621,inflow,mass
0108,2019,76628.44687429,inflow,mass
0109,2019,39219.99076223066,inflow,mass
0111,2019,13509.980650599999,inflow,mass
0113,2019,27517.293336,inflow,mass
0114,2019,102324.16159999999,inflow,mass
0201,2019,41433.20128760061,inflow,mass
0202,2019,30007.112613400004,inflow,mass
0203,2019,17279.430558000004,inflow,mass
0204,2019,50598.97763142895,inflow,mass
0205,2019,13578.851332919705,inflow,mass
0301,2019,16148.52806014843,inflow,mass
0302,2019,42228.27891855,inflow,mass
0303,2019,16971.47696,inflow,mass
0304,2019,42140.827352128006,inflow,mass
0305,2019,1586.8407262357427,inflow,mass
0306,2019,2143.6203757065914,inflow,mass
0307,2019,61577.27332000001,inflow,mass
0308,2019,17705.226,inflow,mass
0309,2019,32647.286012,inflow,mass
0401,2019,2248.474110792,inflow,mass
0402,2019,1672.0630581031496,inflow,mass
0403,2019,28940.341546943833,inflow,mass
0404,2019,24049.775039425116,inflow,mass
0405,2019,18334.62548,inflow,mass
0406,2019,3594.51462319,inflow,mass
0407,2019,16583.8316,inflow,mass
0408,2019,68606.85239999999,inflow,mass
0501,2019,-219.39914187878037,inflow,mass
0502,2019,3177.8549639999997,inflow,mass
0503,2019,721.5091369500001,inflow,mass
0504,2019,852.2264638990529,inflow,mass
0601,2019,84647.06242708415,inflow,mass
0602,2019,200133.07416614937,inflow,mass
0801,2019,729.8406026259797,inflow,mass
0802,2019,-1021.2873600000001,inflow,mass
0901,2019,43308.00308543999,inflow,mass
0902,2019,26326.509715214997,inflow,mass
1001,2019,2987.6746239999998,inflow,mass
1002,2019,8231.860511579998,inflow,mass
0112,2019,8252.04442095,inflow,mass
0701,2019,14252.668213859999,inflow,mass
0703,2019,1417.28653814,inflow,mass
0505,2019,5917.195963477999,inflow,mass
0310,2019,NA,inflow,mass
3001,2019,NA,inflow,mass
0101,2020,21147.781502316528,inflow,mass
0102,2020,62509.958399999996,inflow,mass
0103,2020,337915.1827355524,inflow,mass
0104,2020,255832.11342,inflow,mass
0105,2020,16950.207484979997,inflow,mass
0106,2020,111663.24839472445,inflow,mass
0108,2020,163640.79173,inflow,mass
0109,2020,35766.87566259711,inflow,mass
0111,2020,12587.919611000001,inflow,mass
0113,2020,20794.446583999998,inflow,mass
0114,2020,105085.81,inflow,mass
0201,2020,41433.20128760061,inflow,mass
0202,2020,33552.4254,inflow,mass
0203,2020,16317.8613,inflow,mass
0204,2020,58104.071531965295,inflow,mass
0205,2020,13206.225799250002,inflow,mass
0301,2020,16233.615538880795,inflow,mass
0302,2020,6639.1463664765715,inflow,mass
0303,2020,16901.138199999998,inflow,mass
0304,2020,40491.86756154921,inflow,mass
0305,2020,2599.900598377599,inflow,mass
0306,2020,2253.37221,inflow,mass
0307,2020,45927.916040000004,inflow,mass
0308,2020,23039.378692000002,inflow,mass
0309,2020,29711.025267000005,inflow,mass
0401,2020,1917.187567776,inflow,mass
0402,2020,1779.31175202631,inflow,mass
0403,2020,28031.0751819819,inflow,mass
0404,2020,27138.489338639978,inflow,mass
0405,2020,17465.20982,inflow,mass
0406,2020,3897.7038199999997,inflow,mass
0407,2020,12296.118605514064,inflow,mass
0408,2020,76678.5996132,inflow,mass
0501,2020,-165.29328349408527,inflow,mass
0502,2020,3177.8549639999997,inflow,mass
0503,2020,534.1527,inflow,mass
0504,2020,858.4805839999999,inflow,mass
0601,2020,115838.57459134002,inflow,mass
0602,2020,178663.41693382,inflow,mass
0801,2020,685.3671017506531,inflow,mass
0802,2020,-1021.2873600000001,inflow,mass
0901,2020,34690.365894399,inflow,mass
0902,2020,25518.174250286665,inflow,mass
1001,2020,5947.084,inflow,mass
1002,2020,4925.3017140599995,inflow,mass
0112,2020,7688.4621447,inflow,mass
0701,2020,11864.911861079996,inflow,mass
0703,2020,3754.5064700000003,inflow,mass
0505,2020,7881.474903202499,inflow,mass
0310,2020,NA,inflow,mass
3001,2020,NA,inflow,mass
0101,2021,10123.03981468341,inflow,mass
0102,2021,78364.2101,inflow,mass
0103,2021,383949.1546686136,inflow,mass
0104,2021,272988.3701167946,inflow,mass
0105,2021,6914.039429329999,inflow,mass
0106,2021,156909.43003578865,inflow,mass
0108,2021,180015.53504059996,inflow,mass
0109,2021,32313.76056296356,inflow,mass
0111,2021,11665.8585714,inflow,mass
0113,2021,30433.549667199994,inflow,mass
0114,2021,96844.5351,inflow,mass
0201,2021,41433.20128760061,inflow,mass
0202,2021,44747.063630100005,inflow,mass
0203,2021,18407.942877768724,inflow,mass
0204,2021,64195.05613686839,inflow,mass
0205,2021,9393.0777083,inflow,mass
0301,2021,22354.215664013103,inflow,mass
0302,2021,-8642.77820798108,inflow,mass
0303,2021,13997.62722446,inflow,mass
0304,2021,50085.8122416,inflow,mass
0305,2021,2414.7130823999996,inflow,mass
0306,2021,2130.15915,inflow,mass
0307,2021,54513.16,inflow,mass
0308,2021,28373.531384,inflow,mass
0309,2021,26774.764522,inflow,mass
0401,2021,1585.9010247600002,inflow,mass
0402,2021,1504.5861723742237,inflow,mass
0403,2021,19486.535505166306,inflow,mass
0404,2021,11211.6819762,inflow,mass
0405,2021,22676.310980000002,inflow,mass
0406,2021,4071.3432566199995,inflow,mass
0407,2021,8008.405611028127,inflow,mass
0408,2021,59319.1597596,inflow,mass
0501,2021,-111.18742510939018,inflow,mass
0502,2021,3177.8549639999997,inflow,mass
0503,2021,836.9455499999999,inflow,mass
0504,2021,910.2413839999999,inflow,mass
0601,2021,118250.86089912,inflow,mass
0602,2021,183097.82123948002,inflow,mass
0801,2021,640.8936008753266,inflow,mass
0802,2021,-1021.2873600000001,inflow,mass
0901,2021,56977.46995463999,inflow,mass
0902,2021,24709.838785358334,inflow,mass
1001,2021,-2304.202164,inflow,mass
1002,2021,1618.7429165400004,inflow,mass
0112,2021,7124.879868450001,inflow,mass
0701,2021,9477.1555083,inflow,mass
0703,2021,111.15433999999999,inflow,mass
0505,2021,9845.753842926999,inflow,mass
0310,2021,NA,inflow,mass
3001,2021,NA,inflow,mass
0101,2022,10123.03981468341,inflow,mass
0102,2022,72330.89682898237,inflow,mass
0103,2022,297396.2402845145,inflow,mass
0104,2022,251997.63703161874,inflow,mass
0105,2022,-3122.12862632,inflow,mass
0106,2022,118835.09871412696,inflow,mass
0108,2022,113274.33420519,inflow,mass
0109,2022,28860.645463330005,inflow,mass
0111,2022,11665.8585714,inflow,mass
0113,2022,33666.1201292,inflow,mass
0114,2022,98550.024049999993,inflow,mass
0201,2022,41433.20128760061,inflow,mass
0202,2022,36592.093113993666,inflow,mass
0203,2022,15752.1402383459,inflow,mass
0204,2022,47658.68200179446,inflow,mass
0205,2022,8557.418678464297,inflow,mass
0301,2022,22144.155174400006,inflow,mass
0302,2022,1571.9059599083532,inflow,mass
0303,2022,13149.956759879999,inflow,mass
0304,2022,15169.967953199994,inflow,mass
0305,2022,2232.78459703211,inflow,mass
0306,2022,2529.5210055,inflow,mass
0307,2022,54513.16,inflow,mass
0308,2022,24689.983692,inflow,mass
0309,2022,30955.740763749996,inflow,mass
0401,2022,1585.9010247600002,inflow,mass
0402,2022,652.6785124154419,inflow,mass
0403,2022,11302.259984562317,inflow,mass
0404,2022,4027.474404900003,inflow,mass
0405,2022,22909.38052,inflow,mass
0406,2022,4491.46875729,inflow,mass
0407,2022,23887.916412388287,inflow,mass
0408,2022,66525.6790494,inflow,mass
0501,2022,-57.08156672469509,inflow,mass
0502,2022,3177.8549639999997,inflow,mass
0503,2022,411.366,inflow,mass
0504,2022,910.2413839999999,inflow,mass
0601,2022,74374.88403500683,inflow,mass
0602,2022,154912.3940581,inflow,mass
0801,2022,596.4200999999999,inflow,mass
0802,2022,-1021.2873600000001,inflow,mass
0901,2022,62012.8175267446,inflow,mass
0902,2022,23901.503320429998,inflow,mass
1001,2022,-4571.420666987509,inflow,mass
1002,2022,2870.99304,inflow,mass
0112,2022,6561.2975922000005,inflow,mass
0701,2022,11820.858692400001,inflow,mass
0703,2022,63.92738,inflow,mass
0505,2022,9845.753842926999,inflow,mass
0310,2022,NA,inflow,mass
3001,2022,NA,inflow,mass
0101,2023,10123.03981468341,inflow,mass
0102,2023,66297.58355796472,inflow,mass
0103,2023,369899.1281336646,inflow,mass
0104,2023,28899.66741057107,inflow,mass
0105,2023,-760.0736314600001,inflow,mass
0106,2023,134716.85554862066,inflow,mass
0108,2023,133274.70433431,inflow,mass
0109,2023,28860.645463330005,inflow,mass
0111,2023,11665.8585714,inflow,mass
0113,2023,36898.69059119999,inflow,mass
0114,2023,100255.513,inflow,mass
0201,2023,41433.20128760061,inflow,mass
0202,2023,43860.75179224905,inflow,mass
0203,2023,14034.9016327,inflow,mass
0204,2023,60686.53911176648,inflow,mass
0205,2023,8862.506134937894,inflow,mass
0301,2023,20093.143844000002,inflow,mass
0302,2023,1061.5090975109972,inflow,mass
0303,2023,9786.01785758,inflow,mass
0304,2023,59021.33997882688,inflow,mass
0305,2023,3375.990881543296,inflow,mass
0306,2023,1744.97595507,inflow,mass
0307,2023,54513.16,inflow,mass
0308,2023,21006.436,inflow,mass
0309,2023,35136.7170055,inflow,mass
0401,2023,1585.9010247600002,inflow,mass
0402,2023,544.1246864869748,inflow,mass
0403,2023,7604.0192821352075,inflow,mass
0404,2023,6074.8110891,inflow,mass
0405,2023,21214.932800000002,inflow,mass
0406,2023,4154.86590432,inflow,mass
0407,2023,20059.149611347962,inflow,mass
0408,2023,61963.111908599996,inflow,mass
0501,2023,-2.975708339999998,inflow,mass
0502,2023,3177.8549639999997,inflow,mass
0503,2023,688.5717,inflow,mass
0504,2023,910.2413839999999,inflow,mass
0601,2023,74374.88403500683,inflow,mass
0602,2023,104632.67817289001,inflow,mass
0801,2023,521.40006,inflow,mass
0802,2023,-1021.2873600000001,inflow,mass
0901,2023,51448.64424018876,inflow,mass
0902,2023,23901.503320429998,inflow,mass
1001,2023,4953.109899066327,inflow,mass
1002,2023,8388.80078424,inflow,mass
0112,2023,6561.2975922000005,inflow,mass
0701,2023,667.4188959,inflow,mass
0703,2023,132.24728,inflow,mass
0505,2023,9845.753842926999,inflow,mass
0310,2023,NA,inflow,mass
3001,2023,NA,inflow,mass
